modelCode,rpm,airflow_m3hr,staticPressure_pa,power_kw,efficiency
AV0900CIEB,850,424.75,31.14,0.0075,
AV0900CIEB,1024,424.75,62.27,0.0149,
AV0900CIEB,1320,424.75,124.54,0.0373,
AV0900CIEB,1792,424.75,249.09,0.0746,
AV0900CIEB,2176,424.75,373.63,0.1193,
AV0900CIEB,1011,560.67,31.14,0.0149,
AV0900CIEB,1157,560.67,62.27,0.0224,
AV0900CIEB,1415,560.67,124.54,0.0447,
AV0900CIEB,1844,560.67,249.09,0.0895,
AV0900CIEB,2206,560.67,373.63,0.1417,
AV0900CIEB,2526,560.67,498.18,0.2013,
AV0900CIEB,2811,560.67,622.72,0.2610,
AV0900CIEB,3070,560.67,747.27,0.3281,
AV0900CIEB,1183,696.59,31.14,0.0298,
AV0900CIEB,1313,696.59,62.27,0.0373,
AV0900CIEB,1537,696.59,124.54,0.0597,
AV0900CIEB,1927,696.59,249.09,0.1119,
AV0900CIEB,2264,696.59,373.63,0.1641,
AV0900CIEB,2564,696.59,498.18,0.2312,
AV0900CIEB,2840,696.59,622.72,0.2983,
AV0900CIEB,3095,696.59,747.27,0.3728,
AV0900CIEB,3332,696.59,871.81,0.4474,
AV0900CIEB,3554,696.59,996.36,0.5294,
AV0900CIEB,1364,832.52,31.14,0.0373,
AV0900CIEB,1479,832.52,62.27,0.0522,
AV0900CIEB,1680,832.52,124.54,0.0746,
AV0900CIEB,2034,832.52,249.09,0.1342,
AV0900CIEB,2346,832.52,373.63,0.1939,
AV0900CIEB,2630,832.52,498.18,0.2610,
AV0900CIEB,2890,832.52,622.72,0.3356,
AV0900CIEB,3133,832.52,747.27,0.4101,
AV0900CIEB,3362,832.52,871.81,0.4922,
AV0900CIEB,3580,832.52,996.36,0.5816,
AV0900CIEB,1549,968.44,31.14,0.0597,
AV0900CIEB,1652,968.44,62.27,0.0746,
AV0900CIEB,1837,968.44,124.54,0.0969,
AV0900CIEB,2158,968.44,249.09,0.1641,
AV0900CIEB,2448,968.44,373.63,0.2312,
AV0900CIEB,2714,968.44,498.18,0.3057,
AV0900CIEB,2962,968.44,622.72,0.3803,
AV0900CIEB,3193,968.44,747.27,0.4623,
AV0900CIEB,3412,968.44,871.81,0.5444,
AV0900CIEB,3620,968.44,996.36,0.6338,
AV0900CIEB,1739,1104.36,31.14,0.0820,
AV0900CIEB,1831,1104.36,62.27,0.0969,
AV0900CIEB,2001,1104.36,124.54,0.1268,
AV0900CIEB,2297,1104.36,249.09,0.1939,
AV0900CIEB,2566,1104.36,373.63,0.2685,
AV0900CIEB,2816,1104.36,498.18,0.3505,
AV0900CIEB,3050,1104.36,622.72,0.4325,
AV0900CIEB,3271,1104.36,747.27,0.5220,
AV0900CIEB,3480,1104.36,871.81,0.6115,
AV0900CIEB,1931,1240.28,31.14,0.1119,
AV0900CIEB,2014,1240.28,62.27,0.1268,
AV0900CIEB,2170,1240.28,124.54,0.1641,
AV0900CIEB,2448,1240.28,249.09,0.2386,
AV0900CIEB,2696,1240.28,373.63,0.3132,
AV0900CIEB,2931,1240.28,498.18,0.4027,
AV0900CIEB,3152,1240.28,622.72,0.4847,
AV0900CIEB,3363,1240.28,747.27,0.5816,
AV0900CIEB,3563,1240.28,871.81,0.6860,
AV0900CIEB,2124,1376.20,31.14,0.1417,
AV0900CIEB,2200,1376.20,62.27,0.1641,
AV0900CIEB,2344,1376.20,124.54,0.2013,
AV0900CIEB,2606,1376.20,249.09,0.2834,
AV0900CIEB,2838,1376.20,373.63,0.3728,
AV0900CIEB,3058,1376.20,498.18,0.4623,
AV0900CIEB,3268,1376.20,622.72,0.5518,
AV0900CIEB,3467,1376.20,747.27,0.6488,
AV0900CIEB,2320,1512.12,31.14,0.1864,
AV0900CIEB,2389,1512.12,62.27,0.2088,
AV0900CIEB,2523,1512.12,124.54,0.2535,
AV0900CIEB,2769,1512.12,249.09,0.3430,
AV0900CIEB,2990,1512.12,373.63,0.4325,
AV0900CIEB,3195,1512.12,498.18,0.5294,
AV0900CIEB,3393,1512.12,622.72,0.6264,
AV0900CIEB,3584,1512.12,747.27,0.7308,
AV0900CIEB,2516,1648.04,31.14,0.2386,
AV0900CIEB,2580,1648.04,62.27,0.2610,
AV0900CIEB,2704,1648.04,124.54,0.3057,
AV0900CIEB,2936,1648.04,249.09,0.4027,
AV0900CIEB,3148,1648.04,373.63,0.4996,
AV0900CIEB,3342,1648.04,498.18,0.6040,
AV0900CIEB,3528,1648.04,622.72,0.7084,
AV0900CIEB,2713,1783.96,31.14,0.2983,
AV0900CIEB,2773,1783.96,62.27,0.3207,
AV0900CIEB,2889,1783.96,124.54,0.3728,
AV0900CIEB,3107,1783.96,249.09,0.4772,
AV0900CIEB,3309,1783.96,373.63,0.5816,
AV0900CIEB,3496,1783.96,498.18,0.6860,
AV0900CIEB,2911,1919.88,31.14,0.3654,
AV0900CIEB,2967,1919.88,62.27,0.3878,
AV0900CIEB,3075,1919.88,124.54,0.4474,
AV0900CIEB,3281,1919.88,249.09,0.5593,
AV0900CIEB,3474,1919.88,373.63,0.6711,
AV0900CIEB,3109,2055.80,31.14,0.4400,
AV0900CIEB,3162,2055.80,62.27,0.4698,
AV0900CIEB,3264,2055.80,124.54,0.5294,
AV0900CIEB,3459,2055.80,249.09,0.6562,
AV0900CIEB,3308,2191.72,31.14,0.5294,
AV0900CIEB,3357,2191.72,62.27,0.5593,
AV0900CIEB,3454,2191.72,124.54,0.6264,
AV1050CIEB,869,679.60,31.14,0.0149,
AV1050CIEB,1031,679.60,62.27,0.0298,
AV1050CIEB,1295,679.60,124.54,0.0522,
AV1050CIEB,1745,679.60,249.09,0.1044,
AV1050CIEB,1038,883.49,31.14,0.0298,
AV1050CIEB,1170,883.49,62.27,0.0373,
AV1050CIEB,1407,883.49,124.54,0.0671,
AV1050CIEB,1799,883.49,249.09,0.1268,
AV1050CIEB,2146,883.49,373.63,0.2013,
AV1050CIEB,2466,883.49,498.18,0.2834,
AV1050CIEB,1221,1087.37,31.14,0.0447,
AV1050CIEB,1330,1087.37,62.27,0.0597,
AV1050CIEB,1543,1087.37,124.54,0.0895,
AV1050CIEB,1894,1087.37,249.09,0.1641,
AV1050CIEB,2205,1087.37,373.63,0.2386,
AV1050CIEB,2493,1087.37,498.18,0.3281,
AV1050CIEB,2761,1087.37,622.72,0.4250,
AV1050CIEB,3020,1087.37,747.27,0.5220,
AV1050CIEB,1411,1291.25,31.14,0.0671,
AV1050CIEB,1504,1291.25,62.27,0.0820,
AV1050CIEB,1686,1291.25,124.54,0.1193,
AV1050CIEB,2017,1291.25,249.09,0.2013,
AV1050CIEB,2298,1291.25,373.63,0.2834,
AV1050CIEB,2561,1291.25,498.18,0.3803,
AV1050CIEB,2808,1291.25,622.72,0.4847,
AV1050CIEB,3043,1291.25,747.27,0.5891,
AV1050CIEB,3268,1291.25,871.81,0.7084,
AV1050CIEB,3487,1291.25,996.36,0.8203,
AV1050CIEB,1606,1495.13,31.14,0.0969,
AV1050CIEB,1687,1495.13,62.27,0.1193,
AV1050CIEB,1846,1495.13,124.54,0.1566,
AV1050CIEB,2153,1495.13,249.09,0.2461,
AV1050CIEB,2414,1495.13,373.63,0.3430,
AV1050CIEB,2656,1495.13,498.18,0.4400,
AV1050CIEB,2884,1495.13,622.72,0.5518,
AV1050CIEB,3103,1495.13,747.27,0.6637,
AV1050CIEB,3313,1495.13,871.81,0.7830,
AV1050CIEB,3515,1495.13,996.36,0.9098,
AV1050CIEB,1804,1699.01,31.14,0.1417,
AV1050CIEB,1876,1699.01,62.27,0.1566,
AV1050CIEB,2017,1699.01,124.54,0.2013,
AV1050CIEB,2292,1699.01,249.09,0.2983,
AV1050CIEB,2548,1699.01,373.63,0.4027,
AV1050CIEB,2771,1699.01,498.18,0.5145,
AV1050CIEB,2983,1699.01,622.72,0.6264,
AV1050CIEB,3187,1699.01,747.27,0.7457,
AV1050CIEB,3384,1699.01,871.81,0.8725,
AV1050CIEB,3574,1699.01,996.36,1.0067,
AV1050CIEB,2003,1902.89,31.14,0.1864,
AV1050CIEB,2068,1902.89,62.27,0.2088,
AV1050CIEB,2195,1902.89,124.54,0.2610,
AV1050CIEB,2442,1902.89,249.09,0.3654,
AV1050CIEB,2686,1902.89,373.63,0.4772,
AV1050CIEB,2903,1902.89,498.18,0.5966,
AV1050CIEB,3100,1902.89,622.72,0.7159,
AV1050CIEB,3291,1902.89,747.27,0.8426,
AV1050CIEB,3475,1902.89,871.81,0.9769,
AV1050CIEB,2205,2106.77,31.14,0.2461,
AV1050CIEB,2263,2106.77,62.27,0.2759,
AV1050CIEB,2379,2106.77,124.54,0.3281,
AV1050CIEB,2604,2106.77,249.09,0.4400,
AV1050CIEB,2826,2106.77,373.63,0.5593,
AV1050CIEB,3040,2106.77,498.18,0.6935,
AV1050CIEB,3232,2106.77,622.72,0.8203,
AV1050CIEB,3410,2106.77,747.27,0.9545,
AV1050CIEB,3583,2106.77,871.81,1.0962,
AV1050CIEB,2407,2310.65,31.14,0.3207,
AV1050CIEB,2461,2310.65,62.27,0.3505,
AV1050CIEB,2567,2310.65,124.54,0.4101,
AV1050CIEB,2774,2310.65,249.09,0.5294,
AV1050CIEB,2976,2310.65,373.63,0.6562,
AV1050CIEB,3178,2310.65,498.18,0.7979,
AV1050CIEB,3369,2310.65,622.72,0.9396,
AV1050CIEB,3542,2310.65,747.27,1.0813,
AV1050CIEB,2610,2514.54,31.14,0.4101,
AV1050CIEB,2660,2514.54,62.27,0.4400,
AV1050CIEB,2758,2514.54,124.54,0.5071,
AV1050CIEB,2949,2514.54,249.09,0.6338,
AV1050CIEB,3136,2514.54,373.63,0.7681,
AV1050CIEB,3322,2514.54,498.18,0.9172,
AV1050CIEB,3506,2514.54,622.72,1.0664,
AV1050CIEB,2814,2718.42,31.14,0.5145,
AV1050CIEB,2860,2718.42,62.27,0.5444,
AV1050CIEB,2951,2718.42,124.54,0.6115,
AV1050CIEB,3129,2718.42,249.09,0.7532,
AV1050CIEB,3303,2718.42,373.63,0.8948,
AV1050CIEB,3474,2718.42,498.18,1.0440,
AV1050CIEB,3019,2922.30,31.14,0.6338,
AV1050CIEB,3061,2922.30,62.27,0.6711,
AV1050CIEB,3146,2922.30,124.54,0.7382,
AV1050CIEB,3313,2922.30,249.09,0.8874,
AV1050CIEB,3476,2922.30,373.63,1.0365,
AV1050CIEB,3636,2922.30,498.18,1.2006,
AV1050CIEB,3224,3126.18,31.14,0.7681,
AV1050CIEB,3263,3126.18,62.27,0.8054,
AV1050CIEB,3343,3126.18,124.54,0.8874,
AV1050CIEB,3499,3126.18,249.09,1.0365,
AV1050CIEB,3429,3330.06,31.14,0.9247,
AV1050CIEB,3466,3330.06,62.27,0.9620,
AV1050CIEB,3541,3330.06,124.54,1.0440,
AV1225CIEB,798,1104.36,31.14,0.0298,
AV1225CIEB,911,1104.36,62.27,0.0373,
AV1225CIEB,1123,1104.36,124.54,0.0746,
AV1225CIEB,1496,1104.36,249.09,0.1491,
AV1225CIEB,951,1393.19,31.14,0.0447,
AV1225CIEB,1045,1393.19,62.27,0.0597,
AV1225CIEB,1220,1393.19,124.54,0.0969,
AV1225CIEB,1545,1393.19,249.09,0.1864,
AV1225CIEB,1836,1393.19,373.63,0.2834,
AV1225CIEB,1111,1682.02,31.14,0.0671,
AV1225CIEB,1191,1682.02,62.27,0.0895,
AV1225CIEB,1342,1682.02,124.54,0.1342,
AV1225CIEB,1625,1682.02,249.09,0.2237,
AV1225CIEB,1886,1682.02,373.63,0.3356,
AV1225CIEB,2129,1682.02,498.18,0.4549,
AV1225CIEB,2359,1682.02,622.72,0.5816,
AV1225CIEB,1274,1970.85,31.14,0.1044,
AV1225CIEB,1346,1970.85,62.27,0.1268,
AV1225CIEB,1477,1970.85,124.54,0.1715,
AV1225CIEB,1726,1970.85,249.09,0.2759,
AV1225CIEB,1963,1970.85,373.63,0.3878,
AV1225CIEB,2185,1970.85,498.18,0.5220,
AV1225CIEB,2395,1970.85,622.72,0.6562,
AV1225CIEB,2597,1970.85,747.27,0.8054,
AV1225CIEB,2790,1970.85,871.81,0.9620,
AV1225CIEB,1441,2259.68,31.14,0.1491,
AV1225CIEB,1504,2259.68,62.27,0.1790,
AV1225CIEB,1623,2259.68,124.54,0.2312,
AV1225CIEB,1845,2259.68,249.09,0.3356,
AV1225CIEB,2057,2259.68,373.63,0.4623,
AV1225CIEB,2261,2259.68,498.18,0.5966,
AV1225CIEB,2456,2259.68,622.72,0.7457,
AV1225CIEB,2642,2259.68,747.27,0.8948,
AV1225CIEB,2822,2259.68,871.81,1.0589,
AV1225CIEB,2997,2259.68,996.36,1.2304,
AV1225CIEB,1609,2548.52,31.14,0.2088,
AV1225CIEB,1666,2548.52,62.27,0.2386,
AV1225CIEB,1775,2548.52,124.54,0.2983,
AV1225CIEB,1975,2548.52,249.09,0.4176,
AV1225CIEB,2167,2548.52,373.63,0.5444,
AV1225CIEB,2354,2548.52,498.18,0.6860,
AV1225CIEB,2535,2548.52,622.72,0.8426,
AV1225CIEB,2709,2548.52,747.27,1.0067,
AV1225CIEB,2877,2548.52,871.81,1.1782,
AV1225CIEB,3039,2548.52,996.36,1.3497,
AV1225CIEB,1779,2837.35,31.14,0.2759,
AV1225CIEB,1831,2837.35,62.27,0.3132,
AV1225CIEB,1930,2837.35,124.54,0.3803,
AV1225CIEB,2114,2837.35,249.09,0.5071,
AV1225CIEB,2290,2837.35,373.63,0.6488,
AV1225CIEB,2460,2837.35,498.18,0.7979,
AV1225CIEB,2628,2837.35,622.72,0.9545,
AV1225CIEB,2791,2837.35,747.27,1.1260,
AV1225CIEB,2948,2837.35,871.81,1.3050,
AV1225CIEB,3101,2837.35,996.36,1.4914,
AV1225CIEB,1950,3126.18,31.14,0.3654,
AV1225CIEB,1997,3126.18,62.27,0.4027,
AV1225CIEB,2089,3126.18,124.54,0.4698,
AV1225CIEB,2259,3126.18,249.09,0.6189,
AV1225CIEB,2422,3126.18,373.63,0.7681,
AV1225CIEB,2579,3126.18,498.18,0.9247,
AV1225CIEB,2733,3126.18,622.72,1.0887,
AV1225CIEB,2885,3126.18,747.27,1.2677,
AV1225CIEB,3033,3126.18,871.81,1.4541,
AV1225CIEB,2121,3415.01,31.14,0.4698,
AV1225CIEB,2165,3415.01,62.27,0.5071,
AV1225CIEB,2250,3415.01,124.54,0.5891,
AV1225CIEB,2410,3415.01,249.09,0.7457,
AV1225CIEB,2560,3415.01,373.63,0.9023,
AV1225CIEB,2707,3415.01,498.18,1.0738,
AV1225CIEB,2849,3415.01,622.72,1.2453,
AV1225CIEB,2990,3415.01,747.27,1.4243,
AV1225CIEB,3129,3415.01,871.81,1.6182,
AV1225CIEB,2293,3703.84,31.14,0.5891,
AV1225CIEB,2334,3703.84,62.27,0.6338,
AV1225CIEB,2413,3703.84,124.54,0.7159,
AV1225CIEB,2563,3703.84,249.09,0.8874,
AV1225CIEB,2704,3703.84,373.63,1.0589,
AV1225CIEB,2841,3703.84,498.18,1.2379,
AV1225CIEB,2975,3703.84,622.72,1.4243,
AV1225CIEB,3106,3703.84,747.27,1.6107,
AV1225CIEB,2466,3992.68,31.14,0.7308,
AV1225CIEB,2504,3992.68,62.27,0.7755,
AV1225CIEB,2578,3992.68,124.54,0.8650,
AV1225CIEB,2719,3992.68,249.09,1.0514,
AV1225CIEB,2852,3992.68,373.63,1.2379,
AV1225CIEB,2980,3992.68,498.18,1.4243,
AV1225CIEB,3106,3992.68,622.72,1.6182,
AV1225CIEB,2639,4281.51,31.14,0.8874,
AV1225CIEB,2674,4281.51,62.27,0.9396,
AV1225CIEB,2744,4281.51,124.54,1.0365,
AV1225CIEB,2877,4281.51,249.09,1.2379,
AV1225CIEB,3003,4281.51,373.63,1.4392,
AV1225CIEB,3124,4281.51,498.18,1.6405,
AV1225CIEB,2812,4570.34,31.14,1.0738,
AV1225CIEB,2846,4570.34,62.27,1.1260,
AV1225CIEB,2911,4570.34,124.54,1.2379,
AV1225CIEB,3037,4570.34,249.09,1.4467,
AV1225CIEB,3157,4570.34,373.63,1.6629,
AV1225CIEB,2986,4859.17,31.14,1.2901,
AV1225CIEB,3017,4859.17,62.27,1.3423,
AV1225CIEB,3079,4859.17,124.54,1.4541,
AV1350CIEB,685,1359.21,31.14,0.0298,
AV1350CIEB,791,1359.21,62.27,0.0522,
AV1350CIEB,989,1359.21,124.54,0.0895,
AV1350CIEB,815,1724.50,31.14,0.0522,
AV1350CIEB,903,1724.50,62.27,0.0746,
AV1350CIEB,1066,1724.50,124.54,0.1193,
AV1350CIEB,1370,1724.50,249.09,0.2312,
AV1350CIEB,953,2089.78,31.14,0.0820,
AV1350CIEB,1027,2089.78,62.27,0.1044,
AV1350CIEB,1167,2089.78,124.54,0.1566,
AV1350CIEB,1429,2089.78,249.09,0.2759,
AV1350CIEB,1675,2089.78,373.63,0.4250,
AV1350CIEB,1096,2455.07,31.14,0.1193,
AV1350CIEB,1159,2455.07,62.27,0.1491,
AV1350CIEB,1282,2455.07,124.54,0.2088,
AV1350CIEB,1512,2455.07,249.09,0.3356,
AV1350CIEB,1730,2455.07,373.63,0.4922,
AV1350CIEB,1939,2455.07,498.18,0.6637,
AV1350CIEB,1241,2820.36,31.14,0.1715,
AV1350CIEB,1296,2820.36,62.27,0.2013,
AV1350CIEB,1405,2820.36,124.54,0.2685,
AV1350CIEB,1611,2820.36,249.09,0.4101,
AV1350CIEB,1806,2820.36,373.63,0.5742,
AV1350CIEB,1995,2820.36,498.18,0.7532,
AV1350CIEB,2178,2820.36,622.72,0.9470,
AV1350CIEB,2355,2820.36,747.27,1.1558,
AV1350CIEB,1388,3185.65,31.14,0.2386,
AV1350CIEB,1437,3185.65,62.27,0.2685,
AV1350CIEB,1534,3185.65,124.54,0.3430,
AV1350CIEB,1722,3185.65,249.09,0.4996,
AV1350CIEB,1898,3185.65,373.63,0.6711,
AV1350CIEB,2069,3185.65,498.18,0.8576,
AV1350CIEB,2237,3185.65,622.72,1.0589,
AV1350CIEB,2399,3185.65,747.27,1.2751,
AV1350CIEB,2558,3185.65,871.81,1.5063,
AV1350CIEB,1537,3550.93,31.14,0.3207,
AV1350CIEB,1581,3550.93,62.27,0.3579,
AV1350CIEB,1668,3550.93,124.54,0.4400,
AV1350CIEB,1840,3550.93,249.09,0.6040,
AV1350CIEB,2001,3550.93,373.63,0.7904,
AV1350CIEB,2158,3550.93,498.18,0.9843,
AV1350CIEB,2311,3550.93,622.72,1.1931,
AV1350CIEB,2462,3550.93,747.27,1.4168,
AV1350CIEB,2609,3550.93,871.81,1.6555,
AV1350CIEB,2753,3550.93,996.36,1.9015,
AV1350CIEB,1687,3916.22,31.14,0.4176,
AV1350CIEB,1726,3916.22,62.27,0.4623,
AV1350CIEB,1806,3916.22,124.54,0.5518,
AV1350CIEB,1962,3916.22,249.09,0.7308,
AV1350CIEB,2113,3916.22,373.63,0.9247,
AV1350CIEB,2257,3916.22,498.18,1.1335,
AV1350CIEB,2399,3916.22,622.72,1.3572,
AV1350CIEB,2538,3916.22,747.27,1.5883,
AV1350CIEB,2675,3916.22,871.81,1.8270,
AV1350CIEB,2809,3916.22,996.36,2.0805,
AV1350CIEB,1837,4281.51,31.14,0.5369,
AV1350CIEB,1873,4281.51,62.27,0.5816,
AV1350CIEB,1946,4281.51,124.54,0.6786,
AV1350CIEB,2090,4281.51,249.09,0.8725,
AV1350CIEB,2231,4281.51,373.63,1.0813,
AV1350CIEB,2366,4281.51,498.18,1.3050,
AV1350CIEB,2496,4281.51,622.72,1.5361,
AV1350CIEB,2625,4281.51,747.27,1.7748,
AV1350CIEB,2753,4281.51,871.81,2.0283,
AV1350CIEB,1987,4646.79,31.14,0.6786,
AV1350CIEB,2021,4646.79,62.27,0.7308,
AV1350CIEB,2088,4646.79,124.54,0.8277,
AV1350CIEB,2221,4646.79,249.09,1.0440,
AV1350CIEB,2353,4646.79,373.63,1.2602,
AV1350CIEB,2480,4646.79,498.18,1.4914,
AV1350CIEB,2603,4646.79,622.72,1.7375,
AV1350CIEB,2723,4646.79,747.27,1.9910,
AV1350CIEB,2841,4646.79,871.81,2.2520,
AV1350CIEB,2138,5012.08,31.14,0.8426,
AV1350CIEB,2170,5012.08,62.27,0.8948,
AV1350CIEB,2232,5012.08,124.54,1.0067,
AV1350CIEB,2355,5012.08,249.09,1.2304,
AV1350CIEB,2478,5012.08,373.63,1.4690,
AV1350CIEB,2598,5012.08,498.18,1.7077,
AV1350CIEB,2715,5012.08,622.72,1.9612,
AV1350CIEB,2828,5012.08,747.27,2.2296,
AV1350CIEB,2290,5377.37,31.14,1.0291,
AV1350CIEB,2319,5377.37,62.27,1.0887,
AV1350CIEB,2377,5377.37,124.54,1.2080,
AV1350CIEB,2492,5377.37,249.09,1.4467,
AV1350CIEB,2607,5377.37,373.63,1.6927,
AV1350CIEB,2720,5377.37,498.18,1.9537,
AV1350CIEB,2831,5377.37,622.72,2.2147,
AV1350CIEB,2442,5742.66,31.14,1.2453,
AV1350CIEB,2469,5742.66,62.27,1.3050,
AV1350CIEB,2523,5742.66,124.54,1.4317,
AV1350CIEB,2631,5742.66,249.09,1.6853,
AV1350CIEB,2739,5742.66,373.63,1.9537,
AV1350CIEB,2846,5742.66,498.18,2.2222,
AV1350CIEB,2594,6107.94,31.14,1.4914,
AV1350CIEB,2619,6107.94,62.27,1.5585,
AV1350CIEB,2670,6107.94,124.54,1.6853,
AV1350CIEB,2772,6107.94,249.09,1.9612,
AV1350CIEB,2873,6107.94,373.63,2.2371,
AV1500CIEB,651,1699.01,31.14,0.0447,
AV1500CIEB,750,1699.01,62.27,0.0671,
AV1500CIEB,931,1699.01,124.54,0.1193,
AV1500CIEB,1250,1699.01,249.09,0.2535,
AV1500CIEB,767,2123.76,31.14,0.0671,
AV1500CIEB,849,2123.76,62.27,0.0969,
AV1500CIEB,1003,2123.76,124.54,0.1566,
AV1500CIEB,1283,2123.76,249.09,0.2983,
AV1500CIEB,1533,2123.76,373.63,0.4772,
AV1500CIEB,889,2548.52,31.14,0.1044,
AV1500CIEB,959,2548.52,62.27,0.1342,
AV1500CIEB,1093,2548.52,124.54,0.2013,
AV1500CIEB,1337,2548.52,249.09,0.3579,
AV1500CIEB,1567,2548.52,373.63,0.5444,
AV1500CIEB,1776,2548.52,498.18,0.7457,
AV1500CIEB,1016,2973.27,31.14,0.1566,
AV1500CIEB,1076,2973.27,62.27,0.1864,
AV1500CIEB,1194,2973.27,124.54,0.2685,
AV1500CIEB,1413,2973.27,249.09,0.4325,
AV1500CIEB,1616,2973.27,373.63,0.6264,
AV1500CIEB,1812,2973.27,498.18,0.8426,
AV1500CIEB,1995,2973.27,622.72,1.0738,
AV1500CIEB,2166,2973.27,747.27,1.3348,
AV1500CIEB,1144,3398.02,31.14,0.2163,
AV1500CIEB,1197,3398.02,62.27,0.2610,
AV1500CIEB,1302,3398.02,124.54,0.3430,
AV1500CIEB,1500,3398.02,249.09,0.5220,
AV1500CIEB,1685,3398.02,373.63,0.7233,
AV1500CIEB,1861,3398.02,498.18,0.9470,
AV1500CIEB,2033,3398.02,622.72,1.1931,
AV1500CIEB,2197,3398.02,747.27,1.4616,
AV1500CIEB,2352,3398.02,871.81,1.7449,
AV1500CIEB,2499,3398.02,996.36,2.0358,
AV1500CIEB,1275,3822.77,31.14,0.2983,
AV1500CIEB,1322,3822.77,62.27,0.3430,
AV1500CIEB,1416,3822.77,124.54,0.4400,
AV1500CIEB,1596,3822.77,249.09,0.6338,
AV1500CIEB,1766,3822.77,373.63,0.8501,
AV1500CIEB,1927,3822.77,498.18,1.0813,
AV1500CIEB,2084,3822.77,622.72,1.3348,
AV1500CIEB,2238,3822.77,747.27,1.6107,
AV1500CIEB,2387,3822.77,871.81,1.9015,
AV1500CIEB,2529,3822.77,996.36,2.2073,
AV1500CIEB,1406,4247.53,31.14,0.3952,
AV1500CIEB,1449,4247.53,62.27,0.4474,
AV1500CIEB,1534,4247.53,124.54,0.5518,
AV1500CIEB,1699,4247.53,249.09,0.7606,
AV1500CIEB,1856,4247.53,373.63,0.9918,
AV1500CIEB,2006,4247.53,498.18,1.2379,
AV1500CIEB,2150,4247.53,622.72,1.4989,
AV1500CIEB,2291,4247.53,747.27,1.7822,
AV1500CIEB,2431,4247.53,871.81,2.0805,
AV1500CIEB,2567,4247.53,996.36,2.3937,
AV1500CIEB,1539,4672.28,31.14,0.5220,
AV1500CIEB,1578,4672.28,62.27,0.5742,
AV1500CIEB,1655,4672.28,124.54,0.6860,
AV1500CIEB,1807,4672.28,249.09,0.9172,
AV1500CIEB,1953,4672.28,373.63,1.1633,
AV1500CIEB,2093,4672.28,498.18,1.4168,
AV1500CIEB,2228,4672.28,622.72,1.6927,
AV1500CIEB,2359,4672.28,747.27,1.9836,
AV1500CIEB,2487,4672.28,871.81,2.2893,
AV1500CIEB,1672,5097.03,31.14,0.6637,
AV1500CIEB,1707,5097.03,62.27,0.7233,
AV1500CIEB,1778,5097.03,124.54,0.8426,
AV1500CIEB,1918,5097.03,249.09,1.0887,
AV1500CIEB,2055,5097.03,373.63,1.3497,
AV1500CIEB,2186,5097.03,498.18,1.6256,
AV1500CIEB,2313,5097.03,622.72,1.9164,
AV1500CIEB,2437,5097.03,747.27,2.2147,
AV1500CIEB,2557,5097.03,871.81,2.5279,
AV1500CIEB,1805,5521.79,31.14,0.8352,
AV1500CIEB,1838,5521.79,62.27,0.8948,
AV1500CIEB,1904,5521.79,124.54,1.0216,
AV1500CIEB,2034,5521.79,249.09,1.2901,
AV1500CIEB,2161,5521.79,373.63,1.5660,
AV1500CIEB,2285,5521.79,498.18,1.8642,
AV1500CIEB,2404,5521.79,622.72,2.1625,
AV1500CIEB,2521,5521.79,747.27,2.4757,
AV1500CIEB,1939,5946.54,31.14,1.0291,
AV1500CIEB,1970,5946.54,62.27,1.0962,
AV1500CIEB,2031,5946.54,124.54,1.2304,
AV1500CIEB,2152,5946.54,249.09,1.5212,
AV1500CIEB,2271,5946.54,373.63,1.8121,
AV1500CIEB,2388,5946.54,498.18,2.1252,
AV1500CIEB,2501,5946.54,622.72,2.4384,
AV1500CIEB,2074,6371.29,31.14,1.2602,
AV1500CIEB,2102,6371.29,62.27,1.3273,
AV1500CIEB,2159,6371.29,124.54,1.4765,
AV1500CIEB,2272,6371.29,249.09,1.7748,
AV1500CIEB,2384,6371.29,373.63,2.0880,
AV1500CIEB,2494,6371.29,498.18,2.4086,
AV1500CIEB,2208,6796.04,31.14,1.5138,
AV1500CIEB,2235,6796.04,62.27,1.5883,
AV1500CIEB,2289,6796.04,124.54,1.7449,
AV1500CIEB,2395,6796.04,249.09,2.0656,
AV1500CIEB,2500,6796.04,373.63,2.3937,
AV1500CIEB,2343,7220.80,31.14,1.8046,
AV1500CIEB,2368,7220.80,62.27,1.8866,
AV1500CIEB,2419,7220.80,124.54,2.0507,
AV1500CIEB,2519,7220.80,249.09,2.3862,
AV1650CIEB,588,2038.81,31.14,0.0522,
AV1650CIEB,679,2038.81,62.27,0.0746,
AV1650CIEB,844,2038.81,124.54,0.1417,
AV1650CIEB,1135,2038.81,249.09,0.3057,
AV1650CIEB,698,2574.00,31.14,0.0820,
AV1650CIEB,773,2574.00,62.27,0.1193,
AV1650CIEB,913,2574.00,124.54,0.1864,
AV1650CIEB,1167,2574.00,249.09,0.3654,
AV1650CIEB,1394,2574.00,373.63,0.5742,
AV1650CIEB,814,3109.19,31.14,0.1268,
AV1650CIEB,877,3109.19,62.27,0.1641,
AV1650CIEB,998,3109.19,124.54,0.2461,
AV1650CIEB,1219,3109.19,249.09,0.4400,
AV1650CIEB,1426,3109.19,373.63,0.6562,
AV1650CIEB,1616,3109.19,498.18,0.9098,
AV1650CIEB,934,3644.38,31.14,0.1939,
AV1650CIEB,988,3644.38,62.27,0.2386,
AV1650CIEB,1094,3644.38,124.54,0.3281,
AV1650CIEB,1291,3644.38,249.09,0.5294,
AV1650CIEB,1474,3644.38,373.63,0.7606,
AV1650CIEB,1651,3644.38,498.18,1.0291,
AV1650CIEB,1817,3644.38,622.72,1.3124,
AV1650CIEB,1971,3644.38,747.27,1.6256,
AV1650CIEB,1056,4179.57,31.14,0.2759,
AV1650CIEB,1103,4179.57,62.27,0.3281,
AV1650CIEB,1197,4179.57,124.54,0.4250,
AV1650CIEB,1375,4179.57,249.09,0.6488,
AV1650CIEB,1541,4179.57,373.63,0.8948,
AV1650CIEB,1699,4179.57,498.18,1.1707,
AV1650CIEB,1854,4179.57,622.72,1.4690,
AV1650CIEB,2002,4179.57,747.27,1.7897,
AV1650CIEB,2142,4179.57,871.81,2.1327,
AV1650CIEB,2275,4179.57,996.36,2.4906,
AV1650CIEB,1179,4714.76,31.14,0.3803,
AV1650CIEB,1222,4714.76,62.27,0.4325,
AV1650CIEB,1305,4714.76,124.54,0.5518,
AV1650CIEB,1467,4714.76,249.09,0.7904,
AV1650CIEB,1619,4714.76,373.63,1.0589,
AV1650CIEB,1764,4714.76,498.18,1.3423,
AV1650CIEB,1904,4714.76,622.72,1.6480,
AV1650CIEB,2042,4714.76,747.27,1.9761,
AV1650CIEB,2176,4714.76,871.81,2.3340,
AV1650CIEB,2304,4714.76,996.36,2.6994,
AV1650CIEB,1304,5249.94,31.14,0.5145,
AV1650CIEB,1342,5249.94,62.27,0.5742,
AV1650CIEB,1418,5249.94,124.54,0.7010,
AV1650CIEB,1565,5249.94,249.09,0.9620,
AV1650CIEB,1706,5249.94,373.63,1.2453,
AV1650CIEB,1840,5249.94,498.18,1.5436,
AV1650CIEB,1969,5249.94,622.72,1.8642,
AV1650CIEB,2095,5249.94,747.27,2.1998,
AV1650CIEB,2220,5249.94,871.81,2.5652,
AV1650CIEB,2342,5249.94,996.36,2.9530,
AV1650CIEB,1430,5785.13,31.14,0.6711,
AV1650CIEB,1464,5785.13,62.27,0.7382,
AV1650CIEB,1533,5785.13,124.54,0.8725,
AV1650CIEB,1668,5785.13,249.09,1.1558,
AV1650CIEB,1798,5785.13,373.63,1.4616,
AV1650CIEB,1924,5785.13,498.18,1.7822,
AV1650CIEB,2045,5785.13,622.72,2.1178,
AV1650CIEB,2162,5785.13,747.27,2.4683,
AV1650CIEB,2276,5785.13,871.81,2.8337,
AV1650CIEB,1556,6320.32,31.14,0.8650,
AV1650CIEB,1588,6320.32,62.27,0.9321,
AV1650CIEB,1651,6320.32,124.54,1.0813,
AV1650CIEB,1775,6320.32,249.09,1.3870,
AV1650CIEB,1896,6320.32,373.63,1.7077,
AV1650CIEB,2013,6320.32,498.18,2.0507,
AV1650CIEB,2127,6320.32,622.72,2.4012,
AV1650CIEB,2237,6320.32,747.27,2.7665,
AV1650CIEB,2345,6320.32,871.81,3.1543,
AV1650CIEB,1682,6855.51,31.14,1.0813,
AV1650CIEB,1712,6855.51,62.27,1.1633,
AV1650CIEB,1770,6855.51,124.54,1.3199,
AV1650CIEB,1885,6855.51,249.09,1.6480,
AV1650CIEB,1998,6855.51,373.63,1.9910,
AV1650CIEB,2108,6855.51,498.18,2.3564,
AV1650CIEB,2215,6855.51,622.72,2.7218,
AV1650CIEB,2319,6855.51,747.27,3.1096,
AV1650CIEB,1809,7390.70,31.14,1.3423,
AV1650CIEB,1837,7390.70,62.27,1.4317,
AV1650CIEB,1891,7390.70,124.54,1.6033,
AV1650CIEB,1998,7390.70,249.09,1.9537,
AV1650CIEB,2103,7390.70,373.63,2.3191,
AV1650CIEB,2207,7390.70,498.18,2.6994,
AV1650CIEB,2308,7390.70,622.72,3.0872,
AV1650CIEB,1937,7925.89,31.14,1.6480,
AV1650CIEB,1962,7925.89,62.27,1.7375,
AV1650CIEB,2012,7925.89,124.54,1.9164,
AV1650CIEB,2112,7925.89,249.09,2.2893,
AV1650CIEB,2211,7925.89,373.63,2.6771,
AV1650CIEB,2309,7925.89,498.18,3.0797,
AV1650CIEB,2064,8461.07,31.14,1.9910,
AV1650CIEB,2088,8461.07,62.27,2.0880,
AV1650CIEB,2135,8461.07,124.54,2.2744,
AV1650CIEB,2229,8461.07,249.09,2.6771,
AV1650CIEB,2322,8461.07,373.63,3.0872,
AV1650CIEB,2192,8996.26,31.14,2.3788,
AV1650CIEB,2214,8996.26,62.27,2.4832,
AV1650CIEB,2259,8996.26,124.54,2.6845,
AV1650CIEB,2347,8996.26,249.09,3.1021,
AV1825CIEB,491,2378.62,31.14,0.0522,
AV1825CIEB,575,2378.62,62.27,0.0820,
AV1825CIEB,727,2378.62,124.54,0.1491,
AV1825CIEB,592,3058.22,31.14,0.0820,
AV1825CIEB,653,3058.22,62.27,0.1193,
AV1825CIEB,783,3058.22,124.54,0.1939,
AV1825CIEB,1012,3058.22,249.09,0.3952,
AV1825CIEB,697,3737.82,31.14,0.1268,
AV1825CIEB,749,3737.82,62.27,0.1715,
AV1825CIEB,853,3737.82,124.54,0.2610,
AV1825CIEB,1055,3737.82,249.09,0.4698,
AV1825CIEB,1239,3737.82,373.63,0.7233,
AV1825CIEB,1411,3737.82,498.18,1.0067,
AV1825CIEB,805,4417.43,31.14,0.1939,
AV1825CIEB,851,4417.43,62.27,0.2461,
AV1825CIEB,936,4417.43,124.54,0.3430,
AV1825CIEB,1116,4417.43,249.09,0.5742,
AV1825CIEB,1280,4417.43,373.63,0.8352,
AV1825CIEB,1436,4417.43,498.18,1.1335,
AV1825CIEB,1584,4417.43,622.72,1.4541,
AV1825CIEB,1726,4417.43,747.27,1.8121,
AV1825CIEB,915,5097.03,31.14,0.2834,
AV1825CIEB,956,5097.03,62.27,0.3356,
AV1825CIEB,1031,5097.03,124.54,0.4474,
AV1825CIEB,1186,5097.03,249.09,0.6935,
AV1825CIEB,1337,5097.03,373.63,0.9769,
AV1825CIEB,1477,5097.03,498.18,1.2826,
AV1825CIEB,1613,5097.03,622.72,1.6182,
AV1825CIEB,1744,5097.03,747.27,1.9836,
AV1825CIEB,1870,5097.03,871.81,2.3713,
AV1825CIEB,1992,5097.03,996.36,2.7889,
AV1825CIEB,1027,5776.64,31.14,0.3952,
AV1825CIEB,1063,5776.64,62.27,0.4549,
AV1825CIEB,1132,5776.64,124.54,0.5816,
AV1825CIEB,1264,5776.64,249.09,0.8426,
AV1825CIEB,1404,5776.64,373.63,1.1484,
AV1825CIEB,1534,5776.64,498.18,1.4690,
AV1825CIEB,1657,5776.64,622.72,1.8121,
AV1825CIEB,1778,5776.64,747.27,2.1924,
AV1825CIEB,1896,5776.64,871.81,2.5950,
AV1825CIEB,2009,5776.64,996.36,3.0126,
AV1825CIEB,1139,6456.24,31.14,0.5369,
AV1825CIEB,1172,6456.24,62.27,0.6040,
AV1825CIEB,1235,6456.24,124.54,0.7382,
AV1825CIEB,1352,6456.24,249.09,1.0216,
AV1825CIEB,1476,6456.24,373.63,1.3423,
AV1825CIEB,1600,6456.24,498.18,1.6927,
AV1825CIEB,1715,6456.24,622.72,2.0507,
AV1825CIEB,1825,6456.24,747.27,2.4310,
AV1825CIEB,1934,6456.24,871.81,2.8411,
AV1825CIEB,2041,6456.24,996.36,3.2811,
AV1825CIEB,1252,7135.85,31.14,0.7084,
AV1825CIEB,1282,7135.85,62.27,0.7830,
AV1825CIEB,1341,7135.85,124.54,0.9321,
AV1825CIEB,1448,7135.85,249.09,1.2379,
AV1825CIEB,1555,7135.85,373.63,1.5660,
AV1825CIEB,1670,7135.85,498.18,1.9388,
AV1825CIEB,1780,7135.85,622.72,2.3266,
AV1825CIEB,1884,7135.85,747.27,2.7293,
AV1825CIEB,1985,7135.85,871.81,3.1469,
AV1825CIEB,2084,7135.85,996.36,3.5868,
AV1825CIEB,1366,7815.45,31.14,0.9098,
AV1825CIEB,1394,7815.45,62.27,0.9918,
AV1825CIEB,1447,7815.45,124.54,1.1558,
AV1825CIEB,1548,7815.45,249.09,1.4914,
AV1825CIEB,1643,7815.45,373.63,1.8344,
AV1825CIEB,1745,7815.45,498.18,2.2147,
AV1825CIEB,1850,7815.45,622.72,2.6323,
AV1825CIEB,1950,7815.45,747.27,3.0574,
AV1825CIEB,2045,7815.45,871.81,3.4973,
AV1825CIEB,1480,8495.05,31.14,1.1558,
AV1825CIEB,1506,8495.05,62.27,1.2453,
AV1825CIEB,1556,8495.05,124.54,1.4243,
AV1825CIEB,1650,8495.05,249.09,1.7897,
AV1825CIEB,1738,8495.05,373.63,2.1476,
AV1825CIEB,1828,8495.05,498.18,2.5428,
AV1825CIEB,1923,8495.05,622.72,2.9679,
AV1825CIEB,2020,8495.05,747.27,3.4228,
AV1825CIEB,2112,8495.05,871.81,3.8851,
AV1825CIEB,1595,9174.66,31.14,1.4392,
AV1825CIEB,1618,9174.66,62.27,1.5287,
AV1825CIEB,1665,9174.66,124.54,1.7300,
AV1825CIEB,1754,9174.66,249.09,2.1178,
AV1825CIEB,1837,9174.66,373.63,2.5130,
AV1825CIEB,1918,9174.66,498.18,2.9157,
AV1825CIEB,2003,9174.66,622.72,3.3482,
AV1825CIEB,2092,9174.66,747.27,3.8180,
AV1825CIEB,1709,9854.26,31.14,1.7599,
AV1825CIEB,1732,9854.26,62.27,1.8717,
AV1825CIEB,1775,9854.26,124.54,2.0730,
AV1825CIEB,1859,9854.26,249.09,2.4981,
AV1825CIEB,1938,9854.26,373.63,2.9157,
AV1825CIEB,2014,9854.26,498.18,3.3407,
AV1825CIEB,2090,9854.26,622.72,3.7882,
AV1825CIEB,1824,10533.87,31.14,2.1402,
AV1825CIEB,1845,10533.87,62.27,2.2520,
AV1825CIEB,1886,10533.87,124.54,2.4757,
AV1825CIEB,1965,10533.87,249.09,2.9231,
AV1825CIEB,2041,10533.87,373.63,3.3780,
AV1825CIEB,2112,10533.87,498.18,3.8180,
AV1825CIEB,1939,11213.47,31.14,2.5652,
AV1825CIEB,1959,11213.47,62.27,2.6845,
AV1825CIEB,1997,11213.47,124.54,2.9157,
AV1825CIEB,2072,11213.47,249.09,3.3929,
AV2000CIEB,528,3567.92,31.14,0.0895,
AV2000CIEB,586,3567.92,62.27,0.1342,
AV2000CIEB,707,3567.92,124.54,0.2312,
AV2000CIEB,920,3567.92,249.09,0.4623,
AV2000CIEB,617,4332.48,31.14,0.1417,
AV2000CIEB,666,4332.48,62.27,0.1939,
AV2000CIEB,766,4332.48,124.54,0.2983,
AV2000CIEB,953,4332.48,249.09,0.5444,
AV2000CIEB,1125,4332.48,373.63,0.8426,
AV2000CIEB,1286,4332.48,498.18,1.1857,
AV2000CIEB,709,5097.03,31.14,0.2163,
AV2000CIEB,752,5097.03,62.27,0.2685,
AV2000CIEB,833,5097.03,124.54,0.3803,
AV2000CIEB,1003,5097.03,249.09,0.6562,
AV2000CIEB,1157,5097.03,373.63,0.9620,
AV2000CIEB,1303,5097.03,498.18,1.3199,
AV2000CIEB,1441,5097.03,622.72,1.7077,
AV2000CIEB,803,5861.59,31.14,0.3057,
AV2000CIEB,842,5861.59,62.27,0.3654,
AV2000CIEB,913,5861.59,124.54,0.4922,
AV2000CIEB,1062,5861.59,249.09,0.7830,
AV2000CIEB,1202,5861.59,373.63,1.1111,
AV2000CIEB,1334,5861.59,498.18,1.4765,
AV2000CIEB,1462,5861.59,622.72,1.8792,
AV2000CIEB,1584,5861.59,747.27,2.3117,
AV2000CIEB,1702,5861.59,871.81,2.7740,
AV2000CIEB,898,6626.14,31.14,0.4176,
AV2000CIEB,933,6626.14,62.27,0.4922,
AV2000CIEB,998,6626.14,124.54,0.6338,
AV2000CIEB,1125,6626.14,249.09,0.9396,
AV2000CIEB,1257,6626.14,373.63,1.2975,
AV2000CIEB,1378,6626.14,498.18,1.6704,
AV2000CIEB,1495,6626.14,622.72,2.0805,
AV2000CIEB,1609,6626.14,747.27,2.5279,
AV2000CIEB,1719,6626.14,871.81,3.0052,
AV2000CIEB,1826,6626.14,996.36,3.5122,
AV2000CIEB,994,7390.70,31.14,0.5667,
AV2000CIEB,1025,7390.70,62.27,0.6413,
AV2000CIEB,1085,7390.70,124.54,0.7979,
AV2000CIEB,1197,7390.70,249.09,1.1260,
AV2000CIEB,1317,7390.70,373.63,1.4989,
AV2000CIEB,1432,7390.70,498.18,1.9090,
AV2000CIEB,1540,7390.70,622.72,2.3340,
AV2000CIEB,1645,7390.70,747.27,2.7889,
AV2000CIEB,1748,7390.70,871.81,3.2736,
AV2000CIEB,1848,7390.70,996.36,3.7882,
AV2000CIEB,1090,8155.25,31.14,0.7382,
AV2000CIEB,1119,8155.25,62.27,0.8277,
AV2000CIEB,1174,8155.25,124.54,0.9992,
AV2000CIEB,1276,8155.25,249.09,1.3497,
AV2000CIEB,1381,8155.25,373.63,1.7375,
AV2000CIEB,1491,8155.25,498.18,2.1700,
AV2000CIEB,1593,8155.25,622.72,2.6174,
AV2000CIEB,1691,8155.25,747.27,3.0872,
AV2000CIEB,1786,8155.25,871.81,3.5868,
AV2000CIEB,1880,8155.25,996.36,4.1088,
AV2000CIEB,1187,8919.81,31.14,0.9470,
AV2000CIEB,1214,8919.81,62.27,1.0440,
AV2000CIEB,1265,8919.81,124.54,1.2304,
AV2000CIEB,1360,8919.81,249.09,1.6107,
AV2000CIEB,1452,8919.81,373.63,2.0134,
AV2000CIEB,1552,8919.81,498.18,2.4608,
AV2000CIEB,1652,8919.81,622.72,2.9530,
AV2000CIEB,1744,8919.81,747.27,3.4377,
AV2000CIEB,1834,8919.81,871.81,3.9522,
AV2000CIEB,1921,8919.81,996.36,4.4817,
AV2000CIEB,1285,9684.36,31.14,1.1931,
AV2000CIEB,1309,9684.36,62.27,1.2975,
AV2000CIEB,1357,9684.36,124.54,1.5063,
AV2000CIEB,1446,9684.36,249.09,1.9164,
AV2000CIEB,1531,9684.36,373.63,2.3415,
AV2000CIEB,1619,9684.36,498.18,2.7964,
AV2000CIEB,1712,9684.36,622.72,3.3035,
AV2000CIEB,1803,9684.36,747.27,3.8329,
AV2000CIEB,1888,9684.36,871.81,4.3623,
AV2000CIEB,1382,10448.92,31.14,1.4839,
AV2000CIEB,1405,10448.92,62.27,1.5958,
AV2000CIEB,1449,10448.92,124.54,1.8121,
AV2000CIEB,1534,10448.92,249.09,2.2595,
AV2000CIEB,1613,10448.92,373.63,2.7069,
AV2000CIEB,1692,10448.92,498.18,3.1767,
AV2000CIEB,1776,10448.92,622.72,3.6987,
AV2000CIEB,1863,10448.92,747.27,4.2505,
AV2000CIEB,1480,11213.47,31.14,1.8121,
AV2000CIEB,1501,11213.47,62.27,1.9314,
AV2000CIEB,1543,11213.47,124.54,2.1700,
AV2000CIEB,1623,11213.47,249.09,2.6472,
AV2000CIEB,1698,11213.47,373.63,3.1245,
AV2000CIEB,1771,11213.47,498.18,3.6166,
AV2000CIEB,1846,11213.47,622.72,4.1386,
AV2000CIEB,1926,11213.47,747.27,4.7128,
AV2000CIEB,1578,11978.03,31.14,2.1924,
AV2000CIEB,1598,11978.03,62.27,2.3191,
AV2000CIEB,1637,11978.03,124.54,2.5727,
AV2000CIEB,1713,11978.03,249.09,3.0872,
AV2000CIEB,1785,11978.03,373.63,3.6017,
AV2000CIEB,1853,11978.03,498.18,4.1088,
AV2000CIEB,1922,11978.03,622.72,4.6457,
AV2000CIEB,1676,12742.58,31.14,2.6249,
AV2000CIEB,1695,12742.58,62.27,2.7591,
AV2000CIEB,1732,12742.58,124.54,3.0275,
AV2000CIEB,1804,12742.58,249.09,3.5719,
AV2000CIEB,1873,12742.58,373.63,4.1163,
AV2000CIEB,1775,13507.14,31.14,3.1096,
AV2000CIEB,1793,13507.14,62.27,3.2513,
AV2000CIEB,1828,13507.14,124.54,3.5346,
AV2000CIEB,1896,13507.14,249.09,4.1088,
AV2225CIEB,465,4417.43,31.14,0.1044,
AV2225CIEB,518,4417.43,62.27,0.1566,
AV2225CIEB,626,4417.43,124.54,0.2685,
AV2225CIEB,822,4417.43,249.09,0.5518,
AV2225CIEB,550,5436.83,31.14,0.1715,
AV2225CIEB,593,5436.83,62.27,0.2237,
AV2225CIEB,681,5436.83,124.54,0.3579,
AV2225CIEB,848,5436.83,249.09,0.6562,
AV2225CIEB,1007,5436.83,373.63,1.0216,
AV2225CIEB,638,6456.24,31.14,0.2610,
AV2225CIEB,675,6456.24,62.27,0.3281,
AV2225CIEB,747,6456.24,124.54,0.4623,
AV2225CIEB,895,6456.24,249.09,0.7979,
AV2225CIEB,1032,6456.24,373.63,1.1707,
AV2225CIEB,1166,6456.24,498.18,1.6033,
AV2225CIEB,728,7475.65,31.14,0.3728,
AV2225CIEB,760,7475.65,62.27,0.4474,
AV2225CIEB,822,7475.65,124.54,0.6040,
AV2225CIEB,951,7475.65,249.09,0.9620,
AV2225CIEB,1075,7475.65,373.63,1.3646,
AV2225CIEB,1192,7475.65,498.18,1.8046,
AV2225CIEB,1308,7475.65,622.72,2.2968,
AV2225CIEB,1423,7475.65,747.27,2.8262,
AV2225CIEB,819,8495.05,31.14,0.5220,
AV2225CIEB,847,8495.05,62.27,0.6115,
AV2225CIEB,903,8495.05,124.54,0.7904,
AV2225CIEB,1013,8495.05,249.09,1.1633,
AV2225CIEB,1128,8495.05,373.63,1.6033,
AV2225CIEB,1234,8495.05,498.18,2.0581,
AV2225CIEB,1338,8495.05,622.72,2.5652,
AV2225CIEB,1440,8495.05,747.27,3.1096,
AV2225CIEB,1541,8495.05,871.81,3.6912,
AV2225CIEB,1642,8495.05,996.36,4.3027,
AV2225CIEB,911,9514.46,31.14,0.7159,
AV2225CIEB,936,9514.46,62.27,0.8054,
AV2225CIEB,986,9514.46,124.54,1.0067,
AV2225CIEB,1084,9514.46,249.09,1.4094,
AV2225CIEB,1186,9514.46,373.63,1.8717,
AV2225CIEB,1287,9514.46,498.18,2.3713,
AV2225CIEB,1381,9514.46,622.72,2.8933,
AV2225CIEB,1473,9514.46,747.27,3.4377,
AV2225CIEB,1565,9514.46,871.81,4.0417,
AV2225CIEB,1656,9514.46,996.36,4.6755,
AV2225CIEB,1003,10533.87,31.14,0.9470,
AV2225CIEB,1026,10533.87,62.27,1.0514,
AV2225CIEB,1072,10533.87,124.54,1.2677,
AV2225CIEB,1160,10533.87,249.09,1.7077,
AV2225CIEB,1249,10533.87,373.63,2.1774,
AV2225CIEB,1343,10533.87,498.18,2.7143,
AV2225CIEB,1433,10533.87,622.72,3.2736,
AV2225CIEB,1518,10533.87,747.27,3.8478,
AV2225CIEB,1601,10533.87,871.81,4.4444,
AV2225CIEB,1685,10533.87,996.36,5.0931,
AV2225CIEB,1096,11553.27,31.14,1.2229,
AV2225CIEB,1117,11553.27,62.27,1.3423,
AV2225CIEB,1159,11553.27,124.54,1.5734,
AV2225CIEB,1240,11553.27,249.09,2.0507,
AV2225CIEB,1320,11553.27,373.63,2.5503,
AV2225CIEB,1403,11553.27,498.18,3.0947,
AV2225CIEB,1489,11553.27,622.72,3.6987,
AV2225CIEB,1571,11553.27,747.27,4.3101,
AV2225CIEB,1648,11553.27,871.81,4.9291,
AV2225CIEB,1724,11553.27,996.36,5.5778,
AV2225CIEB,1189,12572.68,31.14,1.5511,
AV2225CIEB,1209,12572.68,62.27,1.6778,
AV2225CIEB,1247,12572.68,124.54,1.9314,
AV2225CIEB,1322,12572.68,249.09,2.4534,
AV2225CIEB,1396,12572.68,373.63,2.9828,
AV2225CIEB,1470,12572.68,498.18,3.5421,
AV2225CIEB,1548,12572.68,622.72,4.1610,
AV2225CIEB,1626,12572.68,747.27,4.8098,
AV2225CIEB,1701,12572.68,871.81,5.4809,
AV2225CIEB,1283,13592.09,31.14,1.9463,
AV2225CIEB,1301,13592.09,62.27,2.0805,
AV2225CIEB,1336,13592.09,124.54,2.3490,
AV2225CIEB,1406,13592.09,249.09,2.9082,
AV2225CIEB,1475,13592.09,373.63,3.4750,
AV2225CIEB,1542,13592.09,498.18,4.0566,
AV2225CIEB,1612,13592.09,622.72,4.6830,
AV2225CIEB,1685,13592.09,747.27,5.3690,
AV2225CIEB,1377,14611.49,31.14,2.3937,
AV2225CIEB,1393,14611.49,62.27,2.5354,
AV2225CIEB,1426,14611.49,124.54,2.8262,
AV2225CIEB,1492,14611.49,249.09,3.4228,
AV2225CIEB,1556,14611.49,373.63,4.0342,
AV2225CIEB,1619,14611.49,498.18,4.6457,
AV2225CIEB,1682,14611.49,622.72,5.2870,
AV2225CIEB,1470,15630.90,31.14,2.9082,
AV2225CIEB,1486,15630.90,62.27,3.0648,
AV2225CIEB,1517,15630.90,124.54,3.3706,
AV2225CIEB,1578,15630.90,249.09,4.0044,
AV2225CIEB,1639,15630.90,373.63,4.6532,
AV2225CIEB,1698,15630.90,498.18,5.3094,
AV2225CIEB,1564,16650.31,31.14,3.4899,
AV2225CIEB,1579,16650.31,62.27,3.6539,
AV2225CIEB,1608,16650.31,124.54,3.9820,
AV2225CIEB,1666,16650.31,249.09,4.6606,
AV2225CIEB,1723,16650.31,373.63,5.3467,
AV2225CIEB,1658,17669.71,31.14,4.1535,
AV2225CIEB,1672,17669.71,62.27,4.3251,
AV2225CIEB,1699,17669.71,124.54,4.6681,
AV2450CIEB,427,5436.83,31.14,0.1342,
AV2450CIEB,474,5436.83,62.27,0.1939,
AV2450CIEB,571,5436.83,124.54,0.3356,
AV2450CIEB,748,5436.83,249.09,0.6786,
AV2450CIEB,502,6626.14,31.14,0.2088,
AV2450CIEB,541,6626.14,62.27,0.2759,
AV2450CIEB,620,6626.14,124.54,0.4325,
AV2450CIEB,771,6626.14,249.09,0.7979,
AV2450CIEB,915,6626.14,373.63,1.2379,
AV2450CIEB,579,7815.45,31.14,0.3132,
AV2450CIEB,612,7815.45,62.27,0.3952,
AV2450CIEB,678,7815.45,124.54,0.5593,
AV2450CIEB,813,7815.45,249.09,0.9620,
AV2450CIEB,937,7815.45,373.63,1.4168,
AV2450CIEB,1059,7815.45,498.18,1.9463,
AV2450CIEB,657,9004.76,31.14,0.4474,
AV2450CIEB,687,9004.76,62.27,0.5369,
AV2450CIEB,744,9004.76,124.54,0.7308,
AV2450CIEB,861,9004.76,249.09,1.1558,
AV2450CIEB,974,9004.76,373.63,1.6405,
AV2450CIEB,1081,9004.76,498.18,2.1774,
AV2450CIEB,1187,9004.76,622.72,2.7740,
AV2450CIEB,1292,9004.76,747.27,3.4153,
AV2450CIEB,737,10194.06,31.14,0.6189,
AV2450CIEB,763,10194.06,62.27,0.7233,
AV2450CIEB,814,10194.06,124.54,0.9321,
AV2450CIEB,915,10194.06,249.09,1.3870,
AV2450CIEB,1020,10194.06,373.63,1.9164,
AV2450CIEB,1117,10194.06,498.18,2.4683,
AV2450CIEB,1212,10194.06,622.72,3.0723,
AV2450CIEB,1306,10194.06,747.27,3.7434,
AV2450CIEB,1399,10194.06,871.81,4.4518,
AV2450CIEB,1491,10194.06,996.36,5.1752,
AV2450CIEB,817,11383.37,31.14,0.8352,
AV2450CIEB,840,11383.37,62.27,0.9470,
AV2450CIEB,886,11383.37,124.54,1.1782,
AV2450CIEB,976,11383.37,249.09,1.6704,
AV2450CIEB,1070,11383.37,373.63,2.2222,
AV2450CIEB,1162,11383.37,498.18,2.8262,
AV2450CIEB,1249,11383.37,622.72,3.4526,
AV2450CIEB,1333,11383.37,747.27,4.1163,
AV2450CIEB,1418,11383.37,871.81,4.8470,
AV2450CIEB,1502,11383.37,996.36,5.6226,
AV2450CIEB,898,12572.68,31.14,1.0962,
AV2450CIEB,919,12572.68,62.27,1.2229,
AV2450CIEB,961,12572.68,124.54,1.4839,
AV2450CIEB,1042,12572.68,249.09,2.0059,
AV2450CIEB,1125,12572.68,373.63,2.5801,
AV2450CIEB,1211,12572.68,498.18,3.2214,
AV2450CIEB,1293,12572.68,622.72,3.8851,
AV2450CIEB,1371,12572.68,747.27,4.5711,
AV2450CIEB,1448,12572.68,871.81,5.3019,
AV2450CIEB,1525,12572.68,996.36,6.0849,
AV2450CIEB,979,13761.99,31.14,1.4168,
AV2450CIEB,998,13761.99,62.27,1.5511,
AV2450CIEB,1037,13761.99,124.54,1.8270,
AV2450CIEB,1112,13761.99,249.09,2.4012,
AV2450CIEB,1186,13761.99,373.63,2.9977,
AV2450CIEB,1263,13761.99,498.18,3.6614,
AV2450CIEB,1342,13761.99,622.72,4.3773,
AV2450CIEB,1416,13761.99,747.27,5.1006,
AV2450CIEB,1488,13761.99,871.81,5.8612,
AV2450CIEB,1558,13761.99,996.36,6.6367,
AV2450CIEB,1060,14951.30,31.14,1.7822,
AV2450CIEB,1078,14951.30,62.27,1.9314,
AV2450CIEB,1113,14951.30,124.54,2.2296,
AV2450CIEB,1183,14951.30,249.09,2.8486,
AV2450CIEB,1251,14951.30,373.63,3.4824,
AV2450CIEB,1320,14951.30,498.18,4.1610,
AV2450CIEB,1393,14951.30,622.72,4.9067,
AV2450CIEB,1465,14951.30,747.27,5.6897,
AV2450CIEB,1533,14951.30,871.81,6.4801,
AV2450CIEB,1142,16140.60,31.14,2.2222,
AV2450CIEB,1158,16140.60,62.27,2.3788,
AV2450CIEB,1191,16140.60,124.54,2.6994,
AV2450CIEB,1256,16140.60,249.09,3.3631,
AV2450CIEB,1319,16140.60,373.63,4.0342,
AV2450CIEB,1382,16140.60,498.18,4.7352,
AV2450CIEB,1448,16140.60,622.72,5.5033,
AV2450CIEB,1515,16140.60,747.27,6.3161,
AV2450CIEB,1224,17329.91,31.14,2.7293,
AV2450CIEB,1239,17329.91,62.27,2.8933,
AV2450CIEB,1270,17329.91,124.54,3.2438,
AV2450CIEB,1330,17329.91,249.09,3.9522,
AV2450CIEB,1390,17329.91,373.63,4.6681,
AV2450CIEB,1448,17329.91,498.18,5.3989,
AV2450CIEB,1507,17329.91,622.72,6.1744,
AV2450CIEB,1569,17329.91,747.27,7.0096,
AV2450CIEB,1305,18519.22,31.14,3.2960,
AV2450CIEB,1320,18519.22,62.27,3.4824,
AV2450CIEB,1349,18519.22,124.54,3.8478,
AV2450CIEB,1406,18519.22,249.09,4.6010,
AV2450CIEB,1462,18519.22,373.63,5.3690,
AV2450CIEB,1517,18519.22,498.18,6.1446,
AV2450CIEB,1571,18519.22,622.72,6.9350,
AV2450CIEB,1388,19708.53,31.14,3.9522,
AV2450CIEB,1401,19708.53,62.27,4.1386,
AV2450CIEB,1428,19708.53,124.54,4.5339,
AV2450CIEB,1482,19708.53,249.09,5.3318,
AV2450CIEB,1535,19708.53,373.63,6.1446,
AV2450CIEB,1470,20897.83,31.14,4.6830,
AV2450CIEB,1482,20897.83,62.27,4.8843,
AV2450CIEB,1508,20897.83,124.54,5.3019,
AV2450CIEB,1559,20897.83,249.09,6.1446,
AV2700CIEB,404,6796.04,31.14,0.1939,
AV2700CIEB,441,6796.04,62.27,0.2685,
AV2700CIEB,519,6796.04,124.54,0.4400,
AV2700CIEB,666,6796.04,249.09,0.8501,
AV2700CIEB,467,8070.30,31.14,0.2908,
AV2700CIEB,499,8070.30,62.27,0.3803,
AV2700CIEB,562,8070.30,124.54,0.5593,
AV2700CIEB,687,8070.30,249.09,0.9918,
AV2700CIEB,531,9344.56,31.14,0.4176,
AV2700CIEB,559,9344.56,62.27,0.5145,
AV2700CIEB,613,9344.56,124.54,0.7233,
AV2700CIEB,726,9344.56,249.09,1.1931,
AV2700CIEB,828,9344.56,373.63,1.7151,
AV2700CIEB,596,10618.82,31.14,0.5742,
AV2700CIEB,621,10618.82,62.27,0.6935,
AV2700CIEB,669,10618.82,124.54,0.9172,
AV2700CIEB,767,10618.82,249.09,1.4243,
AV2700CIEB,863,10618.82,373.63,1.9836,
AV2700CIEB,952,10618.82,498.18,2.5876,
AV2700CIEB,662,11893.08,31.14,0.7830,
AV2700CIEB,684,11893.08,62.27,0.9023,
AV2700CIEB,727,11893.08,124.54,1.1558,
AV2700CIEB,813,11893.08,249.09,1.7002,
AV2700CIEB,903,11893.08,373.63,2.3042,
AV2700CIEB,985,11893.08,498.18,2.9455,
AV2700CIEB,1065,11893.08,622.72,3.6241,
AV2700CIEB,1153,11893.08,747.27,4.4295,
AV2700CIEB,729,13167.33,31.14,1.0291,
AV2700CIEB,748,13167.33,62.27,1.1633,
AV2700CIEB,788,13167.33,124.54,1.4467,
AV2700CIEB,865,13167.33,249.09,2.0283,
AV2700CIEB,945,13167.33,373.63,2.6621,
AV2700CIEB,1025,13167.33,498.18,3.3556,
AV2700CIEB,1097,13167.33,622.72,4.0566,
AV2700CIEB,1169,13167.33,747.27,4.8098,
AV2700CIEB,1248,13167.33,871.81,5.6897,
AV2700CIEB,795,14441.59,31.14,1.3273,
AV2700CIEB,814,14441.59,62.27,1.4765,
AV2700CIEB,850,14441.59,124.54,1.7822,
AV2700CIEB,920,14441.59,249.09,2.4086,
AV2700CIEB,991,14441.59,373.63,3.0797,
AV2700CIEB,1066,14441.59,498.18,3.8105,
AV2700CIEB,1137,14441.59,622.72,4.5711,
AV2700CIEB,1202,14441.59,747.27,5.3392,
AV2700CIEB,1268,14441.59,871.81,6.1669,
AV2700CIEB,1338,14441.59,996.36,7.0841,
AV2700CIEB,862,15715.85,31.14,1.6778,
AV2700CIEB,879,15715.85,62.27,1.8419,
AV2700CIEB,912,15715.85,124.54,2.1700,
AV2700CIEB,978,15715.85,249.09,2.8560,
AV2700CIEB,1042,15715.85,373.63,3.5570,
AV2700CIEB,1109,15715.85,498.18,4.3176,
AV2700CIEB,1178,15715.85,622.72,5.1304,
AV2700CIEB,1242,15715.85,747.27,5.9581,
AV2700CIEB,1302,15715.85,871.81,6.7933,
AV2700CIEB,1362,15715.85,996.36,7.6807,
AV2700CIEB,930,16990.11,31.14,2.0954,
AV2700CIEB,945,16990.11,62.27,2.2669,
AV2700CIEB,976,16990.11,124.54,2.6249,
AV2700CIEB,1037,16990.11,249.09,3.3556,
AV2700CIEB,1096,16990.11,373.63,4.1013,
AV2700CIEB,1157,16990.11,498.18,4.8992,
AV2700CIEB,1220,16990.11,622.72,5.7344,
AV2700CIEB,1283,16990.11,747.27,6.6144,
AV2700CIEB,1342,16990.11,871.81,7.5092,
AV2700CIEB,997,18264.37,31.14,2.5652,
AV2700CIEB,1012,18264.37,62.27,2.7591,
AV2700CIEB,1040,18264.37,124.54,3.1319,
AV2700CIEB,1097,18264.37,249.09,3.9149,
AV2700CIEB,1153,18264.37,373.63,4.7203,
AV2700CIEB,1208,18264.37,498.18,5.5331,
AV2700CIEB,1265,18264.37,622.72,6.4056,
AV2700CIEB,1325,18264.37,747.27,7.3377,
AV2700CIEB,1383,18264.37,871.81,8.2847,
AV2700CIEB,1065,19538.62,31.14,3.1170,
AV2700CIEB,1078,19538.62,62.27,3.3109,
AV2700CIEB,1105,19538.62,124.54,3.7210,
AV2700CIEB,1158,19538.62,249.09,4.5488,
AV2700CIEB,1211,19538.62,373.63,5.4063,
AV2700CIEB,1262,19538.62,498.18,6.2564,
AV2700CIEB,1315,19538.62,622.72,7.1736,
AV2700CIEB,1369,19538.62,747.27,8.1207,
AV2700CIEB,1133,20812.88,31.14,3.7434,
AV2700CIEB,1145,20812.88,62.27,3.9448,
AV2700CIEB,1171,20812.88,124.54,4.3847,
AV2700CIEB,1221,20812.88,249.09,5.2646,
AV2700CIEB,1270,20812.88,373.63,6.1595,
AV2700CIEB,1318,20812.88,498.18,7.0618,
AV2700CIEB,1367,20812.88,622.72,8.0088,
AV2700CIEB,1200,22087.14,31.14,4.4369,
AV2700CIEB,1212,22087.14,62.27,4.6606,
AV2700CIEB,1236,22087.14,124.54,5.1155,
AV2700CIEB,1283,22087.14,249.09,6.0402,
AV2700CIEB,1330,22087.14,373.63,6.9947,
AV2700CIEB,1376,22087.14,498.18,7.9566,
AV2700CIEB,1268,23361.40,31.14,5.2199,
AV2700CIEB,1280,23361.40,62.27,5.4660,
AV2700CIEB,1302,23361.40,124.54,5.9432,
AV2700CIEB,1347,23361.40,249.09,6.9276,
AV2700CIEB,1391,23361.40,373.63,7.9193,
AV3000CIEB,350,7985.35,31.14,0.2163,
AV3000CIEB,385,7985.35,62.27,0.3057,
AV3000CIEB,458,7985.35,124.54,0.5071,
AV3000CIEB,404,9514.46,31.14,0.3207,
AV3000CIEB,434,9514.46,62.27,0.4250,
AV3000CIEB,494,9514.46,124.54,0.6488,
AV3000CIEB,610,9514.46,249.09,1.1633,
AV3000CIEB,460,11043.57,31.14,0.4623,
AV3000CIEB,486,11043.57,62.27,0.5816,
AV3000CIEB,537,11043.57,124.54,0.8277,
AV3000CIEB,642,11043.57,249.09,1.3870,
AV3000CIEB,739,11043.57,373.63,2.0283,
AV3000CIEB,516,12572.68,31.14,0.6413,
AV3000CIEB,539,12572.68,62.27,0.7681,
AV3000CIEB,584,12572.68,124.54,1.0440,
AV3000CIEB,678,12572.68,249.09,1.6629,
AV3000CIEB,764,12572.68,373.63,2.3191,
AV3000CIEB,851,12572.68,498.18,3.0872,
AV3000CIEB,574,14101.79,31.14,0.8650,
AV3000CIEB,595,14101.79,62.27,1.0142,
AV3000CIEB,635,14101.79,124.54,1.3199,
AV3000CIEB,716,14101.79,249.09,1.9686,
AV3000CIEB,799,14101.79,373.63,2.6920,
AV3000CIEB,874,14101.79,498.18,3.4600,
AV3000CIEB,952,14101.79,622.72,4.3251,
AV3000CIEB,632,15630.90,31.14,1.1409,
AV3000CIEB,651,15630.90,62.27,1.3050,
AV3000CIEB,687,15630.90,124.54,1.6331,
AV3000CIEB,759,15630.90,249.09,2.3340,
AV3000CIEB,835,15630.90,373.63,3.1021,
AV3000CIEB,908,15630.90,498.18,3.9373,
AV3000CIEB,975,15630.90,622.72,4.7874,
AV3000CIEB,1045,15630.90,747.27,5.7419,
AV3000CIEB,690,17160.01,31.14,1.4690,
AV3000CIEB,707,17160.01,62.27,1.6480,
AV3000CIEB,741,17160.01,124.54,2.0134,
AV3000CIEB,807,17160.01,249.09,2.7665,
AV3000CIEB,874,17160.01,373.63,3.5794,
AV3000CIEB,944,17160.01,498.18,4.4667,
AV3000CIEB,1008,17160.01,622.72,5.3690,
AV3000CIEB,1068,17160.01,747.27,6.3012,
AV3000CIEB,1131,17160.01,871.81,7.3302,
AV3000CIEB,1200,17160.01,996.36,8.5084,
AV3000CIEB,749,18689.12,31.14,1.8642,
AV3000CIEB,764,18689.12,62.27,2.0581,
AV3000CIEB,795,18689.12,124.54,2.4459,
AV3000CIEB,856,18689.12,249.09,3.2587,
AV3000CIEB,917,18689.12,373.63,4.1163,
AV3000CIEB,980,18689.12,498.18,5.0335,
AV3000CIEB,1043,18689.12,622.72,6.0029,
AV3000CIEB,1101,18689.12,747.27,6.9947,
AV3000CIEB,1157,18689.12,871.81,8.0237,
AV3000CIEB,1214,18689.12,996.36,9.1199,
AV3000CIEB,808,20218.23,31.14,2.3340,
AV3000CIEB,822,20218.23,62.27,2.5354,
AV3000CIEB,851,20218.23,124.54,2.9604,
AV3000CIEB,907,20218.23,249.09,3.8254,
AV3000CIEB,963,20218.23,373.63,4.7277,
AV3000CIEB,1020,20218.23,498.18,5.6897,
AV3000CIEB,1079,20218.23,622.72,6.7038,
AV3000CIEB,1137,20218.23,747.27,7.7702,
AV3000CIEB,1190,20218.23,871.81,8.8365,
AV3000CIEB,1242,20218.23,996.36,9.9476,
AV3000CIEB,867,21747.34,31.14,2.8635,
AV3000CIEB,880,21747.34,62.27,3.0872,
AV3000CIEB,907,21747.34,124.54,3.5421,
AV3000CIEB,960,21747.34,249.09,4.4742,
AV3000CIEB,1011,21747.34,373.63,5.4212,
AV3000CIEB,1063,21747.34,498.18,6.4130,
AV3000CIEB,1118,21747.34,622.72,7.4868,
AV3000CIEB,1173,21747.34,747.27,8.5979,
AV3000CIEB,1226,21747.34,871.81,9.7388,
AV3000CIEB,926,23276.45,31.14,3.4750,
AV3000CIEB,938,23276.45,62.27,3.7061,
AV3000CIEB,963,23276.45,124.54,4.1908,
AV3000CIEB,1013,23276.45,249.09,5.1901,
AV3000CIEB,1061,23276.45,373.63,6.1968,
AV3000CIEB,1110,23276.45,498.18,7.2482,
AV3000CIEB,1159,23276.45,622.72,8.3369,
AV3000CIEB,1210,23276.45,747.27,9.4853,
AV3000CIEB,985,24805.56,31.14,4.1685,
AV3000CIEB,997,24805.56,62.27,4.4295,
AV3000CIEB,1020,24805.56,124.54,4.9365,
AV3000CIEB,1067,24805.56,249.09,5.9954,
AV3000CIEB,1113,24805.56,373.63,7.0692,
AV3000CIEB,1158,24805.56,498.18,8.1580,
AV3000CIEB,1203,24805.56,622.72,9.2765,
AV3000CIEB,1250,24805.56,747.27,10.4696,
AV3000CIEB,1044,26334.67,31.14,4.9514,
AV3000CIEB,1055,26334.67,62.27,5.2199,
AV3000CIEB,1077,26334.67,124.54,5.7643,
AV3000CIEB,1121,26334.67,249.09,6.8679,
AV3000CIEB,1165,26334.67,373.63,8.0163,
AV3000CIEB,1208,26334.67,498.18,9.1721,
AV3000CIEB,1250,26334.67,622.72,10.3354,
AV3000CIEB,1104,27863.78,31.14,5.8463,
AV3000CIEB,1114,27863.78,62.27,6.1222,
AV3000CIEB,1135,27863.78,124.54,6.6964,
AV3000CIEB,1177,27863.78,249.09,7.8746,
AV3000CIEB,1218,27863.78,373.63,9.0603,
AV3300CIEB,325,9854.26,31.14,0.2685,
AV3300CIEB,358,9854.26,62.27,0.3803,
AV3300CIEB,421,9854.26,124.54,0.6264,
AV3300CIEB,375,11723.17,31.14,0.4027,
AV3300CIEB,402,11723.17,62.27,0.5220,
AV3300CIEB,457,11723.17,124.54,0.8054,
AV3300CIEB,564,11723.17,249.09,1.4616,
AV3300CIEB,426,13592.09,31.14,0.5742,
AV3300CIEB,450,13592.09,62.27,0.7159,
AV3300CIEB,498,13592.09,124.54,1.0291,
AV3300CIEB,590,13592.09,249.09,1.7226,
AV3300CIEB,683,13592.09,373.63,2.5279,
AV3300CIEB,478,15461.00,31.14,0.7979,
AV3300CIEB,500,15461.00,62.27,0.9620,
AV3300CIEB,542,15461.00,124.54,1.2975,
AV3300CIEB,624,15461.00,249.09,2.0507,
AV3300CIEB,705,15461.00,373.63,2.9082,
AV3300CIEB,787,15461.00,498.18,3.8404,
AV3300CIEB,531,17329.91,31.14,1.0813,
AV3300CIEB,550,17329.91,62.27,1.2602,
AV3300CIEB,588,17329.91,124.54,1.6256,
AV3300CIEB,662,17329.91,249.09,2.4384,
AV3300CIEB,734,17329.91,373.63,3.3258,
AV3300CIEB,806,17329.91,498.18,4.3176,
AV3300CIEB,880,17329.91,622.72,5.3690,
AV3300CIEB,585,19198.82,31.14,1.4317,
AV3300CIEB,602,19198.82,62.27,1.6256,
AV3300CIEB,636,19198.82,124.54,2.0208,
AV3300CIEB,704,19198.82,249.09,2.9082,
AV3300CIEB,769,19198.82,373.63,3.8404,
AV3300CIEB,834,19198.82,498.18,4.8620,
AV3300CIEB,899,19198.82,622.72,5.9731,
AV3300CIEB,966,19198.82,747.27,7.1513,
AV3300CIEB,639,21067.73,31.14,1.8568,
AV3300CIEB,654,21067.73,62.27,2.0581,
AV3300CIEB,685,21067.73,124.54,2.4906,
AV3300CIEB,747,21067.73,249.09,3.4228,
AV3300CIEB,808,21067.73,373.63,4.4369,
AV3300CIEB,867,21067.73,498.18,5.4958,
AV3300CIEB,926,21067.73,622.72,6.6367,
AV3300CIEB,986,21067.73,747.27,7.8820,
AV3300CIEB,1046,21067.73,871.81,9.1572,
AV3300CIEB,1109,21067.73,996.36,10.4622,
AV3300CIEB,693,22936.65,31.14,2.3564,
AV3300CIEB,707,22936.65,62.27,2.5727,
AV3300CIEB,735,22936.65,124.54,3.0275,
AV3300CIEB,792,22936.65,249.09,4.0268,
AV3300CIEB,849,22936.65,373.63,5.1080,
AV3300CIEB,904,22936.65,498.18,6.2341,
AV3300CIEB,958,22936.65,622.72,7.4048,
AV3300CIEB,1012,22936.65,747.27,8.6576,
AV3300CIEB,1067,22936.65,871.81,10.0147,
AV3300CIEB,1122,22936.65,996.36,11.3943,
AV3300CIEB,747,24805.56,31.14,2.9381,
AV3300CIEB,760,24805.56,62.27,3.1692,
AV3300CIEB,786,24805.56,124.54,3.6614,
AV3300CIEB,839,24805.56,249.09,4.7203,
AV3300CIEB,892,24805.56,373.63,5.8687,
AV3300CIEB,943,24805.56,498.18,7.0469,
AV3300CIEB,993,24805.56,622.72,8.2624,
AV3300CIEB,1044,24805.56,747.27,9.5748,
AV3300CIEB,1094,24805.56,871.81,10.9394,
AV3300CIEB,801,26674.47,31.14,3.6092,
AV3300CIEB,813,26674.47,62.27,3.8553,
AV3300CIEB,838,26674.47,124.54,4.3922,
AV3300CIEB,887,26674.47,249.09,5.5033,
AV3300CIEB,936,26674.47,373.63,6.7038,
AV3300CIEB,985,26674.47,498.18,7.9715,
AV3300CIEB,1032,26674.47,622.72,9.2541,
AV3300CIEB,1078,26674.47,747.27,10.5740,
AV3300CIEB,1125,26674.47,871.81,11.9834,
AV3300CIEB,856,28543.38,31.14,4.3922,
AV3300CIEB,867,28543.38,62.27,4.6532,
AV3300CIEB,890,28543.38,124.54,5.2124,
AV3300CIEB,936,28543.38,249.09,6.3906,
AV3300CIEB,982,28543.38,373.63,7.6509,
AV3300CIEB,1027,28543.38,498.18,8.9559,
AV3300CIEB,1072,28543.38,622.72,10.3279,
AV3300CIEB,1116,28543.38,747.27,11.7224,
AV3300CIEB,910,30412.29,31.14,5.2572,
AV3300CIEB,921,30412.29,62.27,5.5555,
AV3300CIEB,942,30412.29,124.54,6.1371,
AV3300CIEB,985,30412.29,249.09,7.3675,
AV3300CIEB,1028,30412.29,373.63,8.6799,
AV3300CIEB,1071,30412.29,498.18,10.0595,
AV3300CIEB,1114,30412.29,622.72,11.5061,
AV3300CIEB,965,32281.21,31.14,6.2564,
AV3300CIEB,975,32281.21,62.27,6.5622,
AV3300CIEB,995,32281.21,124.54,7.1811,
AV3300CIEB,1036,32281.21,249.09,8.4935,
AV3300CIEB,1076,32281.21,373.63,9.8432,
AV3300CIEB,1117,32281.21,498.18,11.2974,
AV3300CIEB,1020,34150.12,31.14,7.3750,
AV3300CIEB,1029,34150.12,62.27,7.6882,
AV3300CIEB,1048,34150.12,124.54,8.3444,
AV3300CIEB,1087,34150.12,249.09,9.7239,
AV3300CIEB,1125,34150.12,373.63,11.1408,
AV3650CIEB,296,12062.98,31.14,0.3356,
AV3650CIEB,326,12062.98,62.27,0.4698,
AV3650CIEB,387,12062.98,124.54,0.7904,
AV3650CIEB,339,14271.69,31.14,0.4922,
AV3650CIEB,365,14271.69,62.27,0.6488,
AV3650CIEB,417,14271.69,124.54,0.9992,
AV3650CIEB,513,14271.69,249.09,1.7897,
AV3650CIEB,384,16480.40,31.14,0.6935,
AV3650CIEB,407,16480.40,62.27,0.8725,
AV3650CIEB,451,16480.40,124.54,1.2602,
AV3650CIEB,539,16480.40,249.09,2.1252,
AV3650CIEB,395,16990.11,31.14,0.7532,
AV3650CIEB,417,16990.11,62.27,0.9396,
AV3650CIEB,460,16990.11,124.54,1.3273,
AV3650CIEB,546,16990.11,249.09,2.2147,
AV3650CIEB,476,20897.83,31.14,1.2901,
AV3650CIEB,494,20897.83,62.27,1.5063,
AV3650CIEB,530,20897.83,124.54,1.9686,
AV3650CIEB,600,20897.83,249.09,2.9753,
AV3650CIEB,670,20897.83,373.63,4.0939,
AV3650CIEB,732,20897.83,498.18,5.2497,
AV3650CIEB,523,23106.55,31.14,1.6927,
AV3650CIEB,539,23106.55,62.27,1.9239,
AV3650CIEB,572,23106.55,124.54,2.4310,
AV3650CIEB,635,23106.55,249.09,3.5122,
AV3650CIEB,699,23106.55,373.63,4.6905,
AV3650CIEB,759,23106.55,498.18,5.9358,
AV3650CIEB,816,23106.55,622.72,7.2482,
AV3650CIEB,570,25315.26,31.14,2.1700,
AV3650CIEB,585,25315.26,62.27,2.4310,
AV3650CIEB,615,25315.26,124.54,2.9753,
AV3650CIEB,672,25315.26,249.09,4.1163,
AV3650CIEB,731,25315.26,373.63,5.3840,
AV3650CIEB,789,25315.26,498.18,6.7188,
AV3650CIEB,842,25315.26,622.72,8.0908,
AV3650CIEB,894,25315.26,747.27,9.5375,
AV3650CIEB,617,27523.98,31.14,2.7367,
AV3650CIEB,631,27523.98,62.27,3.0201,
AV3650CIEB,658,27523.98,124.54,3.5943,
AV3650CIEB,712,27523.98,249.09,4.8321,
AV3650CIEB,765,27523.98,373.63,6.1520,
AV3650CIEB,819,27523.98,498.18,7.5539,
AV3650CIEB,872,27523.98,622.72,9.0453,
AV3650CIEB,920,27523.98,747.27,10.5442,
AV3650CIEB,967,27523.98,871.81,12.0878,
AV3650CIEB,664,29732.69,31.14,3.3929,
AV3650CIEB,677,29732.69,62.27,3.6987,
AV3650CIEB,703,29732.69,124.54,4.3325,
AV3650CIEB,753,29732.69,249.09,5.6449,
AV3650CIEB,801,29732.69,373.63,7.0096,
AV3650CIEB,851,29732.69,498.18,8.4861,
AV3650CIEB,902,29732.69,622.72,10.0744,
AV3650CIEB,949,29732.69,747.27,11.6478,
AV3650CIEB,993,29732.69,871.81,13.2660,
AV3650CIEB,712,31941.40,31.14,4.1685,
AV3650CIEB,724,31941.40,62.27,4.4891,
AV3650CIEB,748,31941.40,124.54,5.1602,
AV3650CIEB,794,31941.40,249.09,6.5323,
AV3650CIEB,840,31941.40,373.63,8.0014,
AV3650CIEB,886,31941.40,498.18,9.5524,
AV3650CIEB,933,31941.40,622.72,11.1855,
AV3650CIEB,979,31941.40,747.27,12.8633,
AV3650CIEB,760,34150.12,31.14,5.0484,
AV3650CIEB,771,34150.12,62.27,5.3914,
AV3650CIEB,793,34150.12,124.54,6.0924,
AV3650CIEB,837,34150.12,249.09,7.5689,
AV3650CIEB,880,34150.12,373.63,9.1050,
AV3650CIEB,922,34150.12,498.18,10.6933,
AV3650CIEB,966,34150.12,622.72,12.4084,
AV3650CIEB,807,36358.83,31.14,6.0327,
AV3650CIEB,818,36358.83,62.27,6.4056,
AV3650CIEB,839,36358.83,124.54,7.1587,
AV3650CIEB,880,36358.83,249.09,8.7023,
AV3650CIEB,921,36358.83,373.63,10.3279,
AV3650CIEB,961,36358.83,498.18,12.0132,
AV3650CIEB,855,38567.55,31.14,7.1513,
AV3650CIEB,865,38567.55,62.27,7.5465,
AV3650CIEB,885,38567.55,124.54,8.3444,
AV3650CIEB,924,38567.55,249.09,9.9700,
AV3650CIEB,962,38567.55,373.63,11.6478,
AV3650CIEB,903,40776.26,31.14,8.4115,
AV3650CIEB,912,40776.26,62.27,8.8067,
AV3650CIEB,931,40776.26,124.54,9.6494,
AV3650CIEB,968,40776.26,249.09,11.3645,
AV4025CIEB,297,16650.31,31.14,0.5369,
AV4025CIEB,322,16650.31,62.27,0.7308,
AV4025CIEB,371,16650.31,124.54,1.1484,
AV4025CIEB,333,19028.92,31.14,0.7457,
AV4025CIEB,355,19028.92,62.27,0.9545,
AV4025CIEB,397,19028.92,124.54,1.4019,
AV4025CIEB,479,19028.92,249.09,2.4235,
AV4025CIEB,370,21407.54,31.14,1.0067,
AV4025CIEB,389,21407.54,62.27,1.2304,
AV4025CIEB,426,21407.54,124.54,1.7151,
AV4025CIEB,502,21407.54,249.09,2.8187,
AV4025CIEB,571,21407.54,373.63,4.0268,
AV4025CIEB,406,23786.15,31.14,1.3124,
AV4025CIEB,424,23786.15,62.27,1.5660,
AV4025CIEB,458,23786.15,124.54,2.0954,
AV4025CIEB,527,23786.15,249.09,3.2811,
AV4025CIEB,591,23786.15,373.63,4.5637,
AV4025CIEB,444,26164.77,31.14,1.7002,
AV4025CIEB,460,26164.77,62.27,1.9686,
AV4025CIEB,491,26164.77,124.54,2.5428,
AV4025CIEB,553,26164.77,249.09,3.7956,
AV4025CIEB,615,26164.77,373.63,5.1752,
AV4025CIEB,670,26164.77,498.18,6.6069,
AV4025CIEB,481,28543.38,31.14,2.1402,
AV4025CIEB,496,28543.38,62.27,2.4384,
AV4025CIEB,525,28543.38,124.54,3.0574,
AV4025CIEB,581,28543.38,249.09,4.3773,
AV4025CIEB,639,28543.38,373.63,5.8463,
AV4025CIEB,693,28543.38,498.18,7.3824,
AV4025CIEB,743,28543.38,622.72,8.9633,
AV4025CIEB,519,30922.00,31.14,2.6696,
AV4025CIEB,533,30922.00,62.27,2.9977,
AV4025CIEB,559,30922.00,124.54,3.6465,
AV4025CIEB,611,30922.00,249.09,5.0409,
AV4025CIEB,664,30922.00,373.63,6.5771,
AV4025CIEB,717,30922.00,498.18,8.2251,
AV4025CIEB,765,30922.00,622.72,9.9029,
AV4025CIEB,811,30922.00,747.27,11.6255,
AV4025CIEB,557,33300.61,31.14,3.2811,
AV4025CIEB,570,33300.61,62.27,3.6316,
AV4025CIEB,595,33300.61,124.54,4.3400,
AV4025CIEB,643,33300.61,249.09,5.8090,
AV4025CIEB,691,33300.61,373.63,7.3973,
AV4025CIEB,741,33300.61,498.18,9.1199,
AV4025CIEB,789,33300.61,622.72,10.9245,
AV4025CIEB,832,33300.61,747.27,12.7142,
AV4025CIEB,876,33300.61,871.81,14.6381,
AV4025CIEB,595,35679.23,31.14,3.9820,
AV4025CIEB,607,35679.23,62.27,4.3549,
AV4025CIEB,630,35679.23,124.54,5.0931,
AV4025CIEB,676,35679.23,249.09,6.6740,
AV4025CIEB,721,35679.23,373.63,8.3444,
AV4025CIEB,767,35679.23,498.18,10.1341,
AV4025CIEB,813,35679.23,622.72,12.0132,
AV4025CIEB,856,35679.23,747.27,13.9297,
AV4025CIEB,896,35679.23,871.81,15.8610,
AV4025CIEB,633,38057.84,31.14,4.7799,
AV4025CIEB,644,38057.84,62.27,5.1677,
AV4025CIEB,666,38057.84,124.54,5.9581,
AV4025CIEB,709,38057.84,249.09,7.6136,
AV4025CIEB,751,38057.84,373.63,9.3511,
AV4025CIEB,794,38057.84,498.18,11.2228,
AV4025CIEB,837,38057.84,622.72,13.1616,
AV4025CIEB,880,38057.84,747.27,15.2048,
AV4025CIEB,671,40436.46,31.14,5.6748,
AV4025CIEB,682,40436.46,62.27,6.0998,
AV4025CIEB,702,40436.46,124.54,6.9201,
AV4025CIEB,743,40436.46,249.09,8.6725,
AV4025CIEB,783,40436.46,373.63,10.5069,
AV4025CIEB,823,40436.46,498.18,12.4383,
AV4025CIEB,863,40436.46,622.72,14.4367,
AV4025CIEB,710,42815.07,31.14,6.7038,
AV4025CIEB,719,42815.07,62.27,7.1140,
AV4025CIEB,739,42815.07,124.54,8.0088,
AV4025CIEB,778,42815.07,249.09,9.8582,
AV4025CIEB,816,42815.07,373.63,11.7821,
AV4025CIEB,853,42815.07,498.18,13.7582,
AV4025CIEB,891,42815.07,622.72,15.8536,
AV4025CIEB,748,45193.69,31.14,7.8224,
AV4025CIEB,757,45193.69,62.27,8.2698,
AV4025CIEB,776,45193.69,124.54,9.2094,
AV4025CIEB,813,45193.69,249.09,11.1408,
AV4025CIEB,849,45193.69,373.63,13.1467,
AV4025CIEB,884,45193.69,498.18,15.1974,
AV4025CIEB,786,47572.30,31.14,9.0603,
AV4025CIEB,795,47572.30,62.27,9.5450,
AV4025CIEB,813,47572.30,124.54,10.5293,
AV4025CIEB,848,47572.30,249.09,12.5427,
AV4025CIEB,882,47572.30,373.63,14.6083,
AV4450CIEB,269,20388.13,31.14,0.6637,
AV4450CIEB,291,20388.13,62.27,0.8874,
AV4450CIEB,335,20388.13,124.54,1.3945,
AV4450CIEB,305,23616.25,31.14,0.9470,
AV4450CIEB,325,23616.25,62.27,1.2080,
AV4450CIEB,362,23616.25,124.54,1.7524,
AV4450CIEB,435,23616.25,249.09,3.0052,
AV4450CIEB,342,26844.37,31.14,1.3050,
AV4450CIEB,359,26844.37,62.27,1.5958,
AV4450CIEB,392,26844.37,124.54,2.1998,
AV4450CIEB,459,26844.37,249.09,3.5644,
AV4450CIEB,520,26844.37,373.63,5.0633,
AV4450CIEB,379,30072.49,31.14,1.7524,
AV4450CIEB,395,30072.49,62.27,2.0805,
AV4450CIEB,424,30072.49,124.54,2.7293,
AV4450CIEB,484,30072.49,249.09,4.2057,
AV4450CIEB,542,30072.49,373.63,5.8314,
AV4450CIEB,595,30072.49,498.18,7.5167,
AV4450CIEB,417,33300.61,31.14,2.3117,
AV4450CIEB,431,33300.61,62.27,2.6621,
AV4450CIEB,458,33300.61,124.54,3.3855,
AV4450CIEB,511,33300.61,249.09,4.9365,
AV4450CIEB,566,33300.61,373.63,6.6889,
AV4450CIEB,615,33300.61,498.18,8.4861,
AV4450CIEB,664,33300.61,622.72,10.4100,
AV4450CIEB,455,36528.73,31.14,2.9828,
AV4450CIEB,467,36528.73,62.27,3.3482,
AV4450CIEB,492,36528.73,124.54,4.1237,
AV4450CIEB,541,36528.73,249.09,5.8090,
AV4450CIEB,591,36528.73,373.63,7.6583,
AV4450CIEB,639,36528.73,498.18,9.5897,
AV4450CIEB,683,36528.73,622.72,11.5956,
AV4450CIEB,728,36528.73,747.27,13.7283,
AV4450CIEB,493,39756.85,31.14,3.7658,
AV4450CIEB,504,39756.85,62.27,4.1610,
AV4450CIEB,527,39756.85,124.54,4.9962,
AV4450CIEB,572,39756.85,249.09,6.7784,
AV4450CIEB,617,39756.85,373.63,8.7098,
AV4450CIEB,663,39756.85,498.18,10.7754,
AV4450CIEB,706,39756.85,622.72,12.9081,
AV4450CIEB,746,39756.85,747.27,15.0930,
AV4450CIEB,787,39756.85,871.81,17.3972,
AV4450CIEB,531,42984.97,31.14,4.6830,
AV4450CIEB,542,42984.97,62.27,5.1304,
AV4450CIEB,563,42984.97,124.54,6.0178,
AV4450CIEB,605,42984.97,249.09,7.9193,
AV4450CIEB,646,42984.97,373.63,9.9327,
AV4450CIEB,688,42984.97,498.18,12.0803,
AV4450CIEB,731,42984.97,622.72,14.4144,
AV4450CIEB,770,42984.97,747.27,16.7260,
AV4450CIEB,806,42984.97,871.81,19.0377,
AV4450CIEB,569,46213.09,31.14,5.7344,
AV4450CIEB,579,46213.09,62.27,6.2042,
AV4450CIEB,599,46213.09,124.54,7.1662,
AV4450CIEB,638,46213.09,249.09,9.1721,
AV4450CIEB,677,46213.09,373.63,11.3272,
AV4450CIEB,715,46213.09,498.18,13.5419,
AV4450CIEB,755,46213.09,622.72,15.9505,
AV4450CIEB,794,46213.09,747.27,18.4412,
AV4450CIEB,607,49441.21,31.14,6.9425,
AV4450CIEB,617,49441.21,62.27,7.4645,
AV4450CIEB,636,49441.21,124.54,8.5010,
AV4450CIEB,672,49441.21,249.09,10.5964,
AV4450CIEB,708,49441.21,373.63,12.8260,
AV4450CIEB,744,49441.21,498.18,15.1824,
AV4450CIEB,781,49441.21,622.72,17.6731,
AV4450CIEB,646,52669.34,31.14,8.3369,
AV4450CIEB,655,52669.34,62.27,8.8813,
AV4450CIEB,672,52669.34,124.54,9.9402,
AV4450CIEB,707,52669.34,249.09,12.2071,
AV4450CIEB,741,52669.34,373.63,14.5561,
AV4450CIEB,775,52669.34,498.18,17.0318,
AV4450CIEB,808,52669.34,622.72,19.5224,
AV4450CIEB,684,55897.46,31.14,9.8731,
AV4450CIEB,693,55897.46,62.27,10.4696,
AV4450CIEB,709,55897.46,124.54,11.5882,
AV4450CIEB,742,55897.46,249.09,13.9670,
AV4450CIEB,774,55897.46,373.63,16.4203,
AV4450CIEB,806,55897.46,498.18,18.9930,
AV4450CIEB,723,59125.58,31.14,11.6404,
AV4450CIEB,731,59125.58,62.27,12.2369,
AV4450CIEB,747,59125.58,124.54,13.4673,
AV4450CIEB,778,59125.58,249.09,15.9505,
AV4450CIEB,808,59125.58,373.63,18.4934,
AV4450CIEB,761,62353.70,31.14,13.5494,
AV4450CIEB,769,62353.70,62.27,14.1981,
AV4450CIEB,784,62353.70,124.54,15.4733,
AV4450CIEB,814,62353.70,249.09,18.1205,
AV4900CIEB,242,24465.76,31.14,0.7830,
AV4900CIEB,263,24465.76,62.27,1.0664,
AV4900CIEB,303,24465.76,124.54,1.6704,
AV4900CIEB,272,28033.68,31.14,1.0887,
AV4900CIEB,290,28033.68,62.27,1.3945,
AV4900CIEB,325,28033.68,124.54,2.0581,
AV4900CIEB,392,28033.68,249.09,3.5495,
AV4900CIEB,302,31601.60,31.14,1.4616,
AV4900CIEB,318,31601.60,62.27,1.8046,
AV4900CIEB,349,31601.60,124.54,2.5205,
AV4900CIEB,412,31601.60,249.09,4.1610,
AV4900CIEB,468,31601.60,373.63,5.9209,
AV4900CIEB,333,35169.52,31.14,1.9314,
AV4900CIEB,348,35169.52,62.27,2.3191,
AV4900CIEB,376,35169.52,124.54,3.1021,
AV4900CIEB,432,35169.52,249.09,4.8321,
AV4900CIEB,485,35169.52,373.63,6.7411,
AV4900CIEB,364,38737.45,31.14,2.4981,
AV4900CIEB,377,38737.45,62.27,2.9008,
AV4900CIEB,403,38737.45,124.54,3.7583,
AV4900CIEB,454,38737.45,249.09,5.6151,
AV4900CIEB,505,38737.45,373.63,7.6658,
AV4900CIEB,550,38737.45,498.18,9.7687,
AV4900CIEB,395,42305.37,31.14,3.1692,
AV4900CIEB,407,42305.37,62.27,3.6092,
AV4900CIEB,431,42305.37,124.54,4.5264,
AV4900CIEB,477,42305.37,249.09,6.4801,
AV4900CIEB,525,42305.37,373.63,8.6725,
AV4900CIEB,569,42305.37,498.18,10.9245,
AV4900CIEB,610,42305.37,622.72,13.2585,
AV4900CIEB,427,45873.29,31.14,3.9746,
AV4900CIEB,438,45873.29,62.27,4.4444,
AV4900CIEB,460,45873.29,124.54,5.4287,
AV4900CIEB,503,45873.29,249.09,7.5167,
AV4900CIEB,546,45873.29,373.63,9.7761,
AV4900CIEB,589,45873.29,498.18,12.1847,
AV4900CIEB,629,45873.29,622.72,14.7127,
AV4900CIEB,667,45873.29,747.27,17.2928,
AV4900CIEB,458,49441.21,31.14,4.8843,
AV4900CIEB,469,49441.21,62.27,5.4063,
AV4900CIEB,489,49441.21,124.54,6.4354,
AV4900CIEB,529,49441.21,249.09,8.6501,
AV4900CIEB,569,49441.21,373.63,11.0364,
AV4900CIEB,609,49441.21,498.18,13.5419,
AV4900CIEB,649,49441.21,622.72,16.2563,
AV4900CIEB,684,49441.21,747.27,18.8960,
AV4900CIEB,720,49441.21,871.81,21.7372,
AV4900CIEB,490,53009.14,31.14,5.9507,
AV4900CIEB,500,53009.14,62.27,6.5025,
AV4900CIEB,519,53009.14,124.54,7.6136,
AV4900CIEB,556,53009.14,249.09,9.9253,
AV4900CIEB,593,53009.14,373.63,12.4159,
AV4900CIEB,631,53009.14,498.18,15.0930,
AV4900CIEB,668,53009.14,622.72,17.8222,
AV4900CIEB,704,53009.14,747.27,20.7155,
AV4900CIEB,737,53009.14,871.81,23.6163,
AV4900CIEB,522,56577.06,31.14,7.1662,
AV4900CIEB,531,56577.06,62.27,7.7404,
AV4900CIEB,549,56577.06,124.54,8.9186,
AV4900CIEB,584,56577.06,249.09,11.3719,
AV4900CIEB,618,56577.06,373.63,13.9297,
AV4900CIEB,653,56577.06,498.18,16.6962,
AV4900CIEB,689,56577.06,622.72,19.6268,
AV4900CIEB,724,56577.06,747.27,22.6469,
AV4900CIEB,553,60144.98,31.14,8.4935,
AV4900CIEB,562,60144.98,62.27,9.1274,
AV4900CIEB,579,60144.98,124.54,10.3727,
AV4900CIEB,612,60144.98,249.09,12.9453,
AV4900CIEB,645,60144.98,373.63,15.6895,
AV4900CIEB,677,60144.98,498.18,18.5083,
AV4900CIEB,710,60144.98,622.72,21.4985,
AV4900CIEB,585,63712.91,31.14,10.0297,
AV4900CIEB,593,63712.91,62.27,10.6710,
AV4900CIEB,609,63712.91,124.54,11.9834,
AV4900CIEB,641,63712.91,249.09,14.7276,
AV4900CIEB,672,63712.91,373.63,17.5761,
AV4900CIEB,702,63712.91,498.18,20.4918,
AV4900CIEB,733,63712.91,622.72,23.6014,
AV4900CIEB,617,67280.83,31.14,11.7373,
AV4900CIEB,625,67280.83,62.27,12.4383,
AV4900CIEB,640,67280.83,124.54,13.8104,
AV4900CIEB,670,67280.83,249.09,16.6664,
AV4900CIEB,700,67280.83,373.63,19.6865,
AV4900CIEB,728,67280.83,498.18,22.6767,
AV4900CIEB,649,70848.75,31.14,13.6314,
AV4900CIEB,656,70848.75,62.27,14.3324,
AV4900CIEB,671,70848.75,124.54,15.8163,
AV4900CIEB,699,70848.75,249.09,18.7618,
AV4900CIEB,728,70848.75,373.63,21.9385,
